bidder,neighbor winner average final round number,neighbor winner neighbors per bid,neighbor winner any neighbors per bid,wild tract winner average final round number,wild tract winner average neighbors per bid,wild tract winner average any neighbors per bid,existing winner average final round number,existing winner average neighbors per bid,existing winner average any neighbors per bid,winner average final round number,winner average neighbors per bid,winner average any neighbors per bid,neighbor bg bids,neighbor average final round number,neighbor blocks won,neighbor neighbors per bid,neighbor any neighbors per bid,neighbor num wins,wild tract bg bids,wild tract average final round number,wild tract blocks won,wild tract average neighbors per bid,wild tract average any neighbors per bid,wild tract num wins,existing bg bids,existing average final round number,existing blocks won,existing average neighbors per bid,existing average any neighbors per bid,existing num wins,num bids,average final round number,total blocks won,average neighbors per bid,average any neighbors per bid,num wins,wins/bid,blocks/win
AMG Technology Investment Group LLC,17.95402298850575,2.0344827586206895,8.666666666666666,17.475806451612904,0.0,8.116935483870968,18.011627906976745,7.286821705426356,8.271317829457365,17.57392253136934,1.122204037097654,8.164757228587016,330.0,15.233333333333333,2500.0,1.809090909090909,8.090909090909092,87.0,18419.0,8.896682773223302,45842.0,0.0,7.780932732504479,1488.0,757.0,15.352708058124174,6618.0,6.966974900924702,7.973579920739763,258.0,19506,9.254434532964217,54960,0.30098431251922486,7.793653234902082,1833,0.09397108581974777,29.983633387888705
"Albion Telephone Company, Inc.",13.0,2.0,12.0,0.0,0.0,0.0,0.0,0.0,0.0,13.0,2.0,12.0,1.0,13.0,29.0,2.0,12.0,1.0,0.0,0.0,0.0,0.0,0.0,0.0,0.0,0.0,0.0,0.0,0.0,0.0,1,13.0,29,2.0,12.0,1,1.0,29.0
"Allen's TV Cable Service, Inc.",16.0,2.0,6.5,0.0,0.0,0.0,14.5,4.875,6.875,14.8,4.3,6.8,3.0,17.0,8.0,2.3333333333333335,6.666666666666667,2.0,0.0,0.0,0.0,0.0,0.0,0.0,14.0,16.428571428571427,49.0,5.571428571428571,8.0,8.0,17,16.529411764705884,57,5.0,7.764705882352941,10,0.5882352941176471,5.7
Altice,15.6,1.4,5.8,16.0,0.0,5.5,15.257142857142858,5.485714285714286,6.542857142857143,15.363636363636363,4.5227272727272725,6.363636363636363,59.0,13.288135593220339,46.0,2.694915254237288,6.711864406779661,5.0,32.0,13.8125,27.0,0.0,5.03125,4.0,344.0,13.82267441860465,352.0,5.462209302325581,7.049418604651163,35.0,435,13.749425287356322,425,4.685057471264368,6.855172413793103,44,0.10114942528735632,9.659090909090908
Aptitude Internet LLC,19.0,1.5,8.5,17.393939393939394,0.0,7.9393939393939394,0.0,0.0,0.0,17.485714285714284,0.08571428571428572,7.9714285714285715,14.0,14.428571428571429,25.0,1.0714285714285714,7.857142857142857,2.0,200.0,14.33,1798.0,0.0,6.99,33.0,2.0,9.0,0.0,1.5,8.5,0.0,216,14.287037037037036,1823,0.08333333333333333,7.060185185185185,35,0.16203703703703703,52.08571428571429
"Armstrong Holdings, Inc.",13.333333333333334,1.3333333333333333,8.083333333333334,13.660377358490566,0.0,7.69811320754717,14.471698113207546,7.471698113207547,7.490566037735849,13.991525423728813,3.4915254237288136,7.6440677966101696,21.0,11.571428571428571,187.0,1.9047619047619047,8.19047619047619,12.0,60.0,13.116666666666667,660.0,0.0,7.65,53.0,111.0,12.36936936936937,589.0,7.297297297297297,7.576576576576577,53.0,192,12.515625,1436,4.427083333333333,7.666666666666667,118,0.6145833333333334,12.169491525423728
"Atlantic Broadband Finance, LLC",19.0,4.0,6.0,0.0,0.0,0.0,16.0,6.0,7.142857142857143,16.375,5.75,7.0,2.0,16.0,33.0,5.0,7.0,1.0,1.0,14.0,0.0,0.0,4.0,0.0,16.0,15.375,403.0,6.4375,7.125,7.0,19,15.368421052631579,436,5.947368421052632,6.947368421052632,8,0.42105263157894735,54.5
BEK Communications Cooperative,16.857142857142858,1.7142857142857142,8.428571428571429,16.5,0.0,8.0,16.727272727272727,5.454545454545454,8.909090909090908,16.75,3.6,8.65,8.0,17.125,59.0,1.625,8.25,7.0,7.0,18.285714285714285,7.0,0.0,8.285714285714286,2.0,15.0,17.333333333333332,77.0,5.266666666666667,8.466666666666667,11.0,30,17.5,143,3.066666666666667,8.366666666666667,20,0.6666666666666666,7.15
"Bandera Electric Cooperative, Inc.",15.5,2.0,10.5,15.0,0.0,6.0,14.0,6.0,7.714285714285714,14.642857142857142,3.5714285714285716,8.142857142857142,6.0,12.666666666666666,59.0,1.6666666666666667,10.0,4.0,23.0,8.782608695652174,6.0,0.0,7.130434782608695,3.0,11.0,14.454545454545455,44.0,5.909090909090909,8.545454545454545,7.0,40,10.925,109,1.875,7.95,14,0.35,7.785714285714286
Barry Technology Services,14.0,3.0,8.0,0.0,0.0,0.0,0.0,0.0,0.0,14.0,3.0,8.0,2.0,14.0,8.0,2.5,7.5,1.0,0.0,0.0,0.0,0.0,0.0,0.0,0.0,0.0,0.0,0.0,0.0,0.0,2,14.0,8,2.5,7.5,1,0.5,8.0
"Bay Springs Telephone Company, Inc.",13.318181818181818,1.9545454545454546,6.636363636363637,13.885245901639344,0.0,6.655737704918033,13.4,5.133333333333334,8.0,13.683673469387756,1.2244897959183674,6.857142857142857,25.0,13.08,773.0,1.88,6.68,22.0,91.0,13.516483516483516,1626.0,0.0,7.0,61.0,16.0,13.25,264.0,5.0625,8.0625,15.0,132,13.401515151515152,2663,0.9696969696969697,7.068181818181818,98,0.7424242424242424,27.1734693877551
"Blackfoot Telephone Cooperative, Inc.",13.0,1.3333333333333333,7.666666666666667,13.0,0.0,7.0,14.0,6.0,13.333333333333334,13.375,2.75,9.625,4.0,13.25,161.0,1.5,8.0,3.0,2.0,13.0,76.0,0.0,7.0,2.0,4.0,14.0,126.0,6.0,12.25,3.0,10,13.5,363,3.0,9.5,8,0.8,45.375
Bloosurf,13.0,1.0,10.0,13.5,0.0,6.0,0.0,0.0,0.0,13.333333333333334,0.3333333333333333,7.333333333333333,64.0,13.265625,1.0,2.328125,7.234375,1.0,189.0,12.275132275132275,7.0,0.0,7.317460317460317,2.0,132.0,13.348484848484848,0.0,6.25,7.553030303030303,0.0,385,12.807792207792208,8,2.52987012987013,7.384415584415584,3,0.007792207792207792,2.6666666666666665
"Cal.net, Inc.",18.785714285714285,2.5,10.357142857142858,18.42156862745098,0.0,9.617647058823529,18.76923076923077,7.861538461538461,9.492307692307692,18.574585635359117,3.016574585635359,9.629834254143647,76.0,14.328947368421053,441.0,2.289473684210526,9.447368421052632,14.0,1725.0,11.078840579710144,2500.0,0.0,8.89391304347826,102.0,183.0,15.448087431693988,2170.0,7.60655737704918,8.939890710382514,65.0,1984,11.606350806451612,5111,0.7893145161290323,8.919354838709678,181,0.09122983870967742,28.23756906077348
Cellular Services LLC,14.0,1.4285714285714286,7.571428571428571,16.0,0.0,7.3,14.0,4.0,8.0,15.333333333333334,0.7333333333333333,7.433333333333334,7.0,14.0,63.0,1.4285714285714286,7.571428571428571,7.0,20.0,16.0,278.0,0.0,7.3,20.0,3.0,14.0,37.0,4.0,8.0,3.0,30,15.333333333333334,378,0.7333333333333333,7.433333333333334,30,1.0,12.6
"Central Arkansas Telephone Cooperative, Inc.",17.0,2.0,7.333333333333333,0.0,0.0,0.0,17.0,4.5,6.5,17.0,3.0,7.0,3.0,17.0,146.0,2.0,7.333333333333333,3.0,6.0,14.0,0.0,0.0,6.666666666666667,0.0,3.0,16.333333333333332,35.0,4.0,6.333333333333333,2.0,12,15.333333333333334,181,1.5,6.75,5,0.4166666666666667,36.2
"CenturyLink, Inc.",13.170731707317072,3.5609756097560976,7.7073170731707314,13.6,0.0,5.0,13.035242290748899,6.497797356828194,8.193832599118943,13.065934065934066,5.937728937728938,8.062271062271062,581.0,12.495697074010327,1168.0,3.0034423407917386,7.790017211703959,41.0,57.0,12.421052631578947,145.0,0.0,7.035087719298246,5.0,2718.0,12.451434878587197,7881.0,6.328550404709345,8.118469462840324,227.0,3356,12.458581644815256,9194,5.6454112038140645,8.04320619785459,273,0.08134684147794995,33.67765567765568
Chariton Valley Communications Corporation,17.833333333333332,2.1666666666666665,8.416666666666666,17.77777777777778,0.0,6.444444444444445,16.26086956521739,5.565217391304348,7.782608695652174,17.0,3.5,7.681818181818182,12.0,17.833333333333332,242.0,2.1666666666666665,8.416666666666666,12.0,10.0,17.9,272.0,0.0,6.6,9.0,23.0,16.26086956521739,616.0,5.565217391304348,7.782608695652174,23.0,45,17.044444444444444,1130,3.422222222222222,7.688888888888889,44,0.9777777777777777,25.681818181818183
Charter Communications Inc,16.16187989556136,2.756309834638816,7.547432550043516,15.782514450867051,0.0,7.292630057803469,15.687610307094952,6.890575361807271,7.960112954465231,15.813641446142379,4.228102869921729,7.699590011181513,1712.0,15.702102803738319,35672.0,2.7406542056074765,7.621495327102804,1149.0,2057.0,13.96694214876033,33111.0,0.0,7.4837141468157515,1384.0,4218.0,15.264580369843527,54178.0,6.828117591275486,8.005215742057848,2833.0,7987,15.024164266933766,122961,4.193439338925755,7.788656566921247,5366,0.6718417428321022,22.914834140887066
"Cherry Capital Connection, LLC",15.8,2.0,9.0,15.555555555555555,0.0,7.444444444444445,14.727272727272727,6.636363636363637,7.2727272727272725,15.24,3.32,7.68,19.0,16.31578947368421,146.0,1.7894736842105263,7.842105263157895,5.0,35.0,16.114285714285714,69.0,0.0,7.085714285714285,9.0,21.0,15.80952380952381,90.0,7.0,7.809523809523809,11.0,75,16.08,305,2.4133333333333336,7.48,25,0.3333333333333333,12.2
Cincinnati Bell Inc.,13.113636363636363,3.727272727272727,7.386363636363637,13.0,0.0,3.0,13.786127167630058,6.491329479768786,7.624277456647399,13.635135135135135,5.797297297297297,7.472972972972973,45.0,13.177777777777777,200.0,3.688888888888889,7.4,44.0,5.0,13.0,31.0,0.0,3.0,5.0,177.0,13.887005649717514,1221.0,6.47457627118644,7.581920903954802,173.0,227,13.726872246696034,1452,5.779735682819383,7.4449339207048455,222,0.9779735682819384,6.54054054054054
Citizens Telephone Company,13.0,2.0,6.0,0.0,0.0,0.0,0.0,0.0,0.0,13.0,2.0,6.0,5.0,12.8,29.0,2.2,6.6,4.0,0.0,0.0,0.0,0.0,0.0,0.0,1.0,10.0,0.0,3.0,8.0,0.0,6,12.333333333333334,29,2.3333333333333335,6.833333333333333,4,0.6666666666666666,7.25
"Citynet, LLC",14.090909090909092,1.3636363636363635,7.909090909090909,13.618181818181819,0.0,6.972727272727273,14.666666666666666,1.3333333333333333,10.0,13.718518518518518,0.2518518518518518,7.192592592592592,55.0,13.945454545454545,138.0,1.3454545454545455,7.909090909090909,22.0,940.0,13.21063829787234,1945.0,0.0,7.302127659574468,110.0,15.0,13.733333333333333,41.0,3.6666666666666665,8.6,3.0,1010,13.258415841584158,2124,0.12772277227722773,7.354455445544555,135,0.13366336633663367,15.733333333333333
"Coleman County Telephone Cooperative, Inc.",14.0,2.0,1.0,13.0,0.0,0.0,0.0,0.0,0.0,13.5,1.0,0.5,5.0,15.6,3.0,2.0,1.0,1.0,1.0,13.0,2.0,0.0,0.0,1.0,3.0,16.0,0.0,7.666666666666667,8.666666666666666,0.0,9,15.444444444444445,5,3.6666666666666665,3.4444444444444446,2,0.2222222222222222,2.5
"Consolidated Communications, Inc.",14.0,5.2,7.0,18.0,0.0,7.0,13.820833333333333,7.008333333333334,7.341666666666667,13.841463414634147,6.943089430894309,7.333333333333333,25.0,15.92,29.0,4.2,8.24,5.0,20.0,15.95,2.0,0.0,8.05,1.0,441.0,13.938775510204081,3947.0,6.98639455782313,7.512471655328798,240.0,486,14.123456790123457,3978,6.555555555555555,7.57201646090535,246,0.5061728395061729,16.170731707317074
"Continental Divide Electric Cooperative, Inc.",13.5,1.3,7.0,13.88888888888889,0.0,6.407407407407407,13.0,5.75,9.0,13.707317073170731,0.8780487804878049,6.804878048780488,10.0,13.5,465.0,1.3,7.0,10.0,27.0,13.88888888888889,720.0,0.0,6.407407407407407,27.0,4.0,13.0,157.0,5.75,9.0,4.0,41,13.707317073170731,1342,0.8780487804878049,6.804878048780488,41,1.0,32.73170731707317
"Cox Communications, Inc.",14.0,2.6666666666666665,4.0,16.666666666666668,0.0,7.0,15.271293375394322,8.447949526813881,8.634069400630915,15.272445820433436,8.31578947368421,8.575851393188854,100.0,11.44,25.0,2.54,7.99,3.0,202.0,10.752475247524753,7.0,0.0,6.316831683168317,3.0,449.0,14.231625835189309,1061.0,8.006681514476615,8.755011135857462,317.0,751,12.92410119840213,1093,5.125166444740346,7.9973368841544605,323,0.43009320905459386,3.3839009287925697
Daviess-Martin County Rural Telephone Corporation,15.2,1.4,7.0,14.5,0.0,7.25,15.0,5.823529411764706,7.588235294117647,14.852941176470589,3.1176470588235294,7.382352941176471,17.0,16.235294117647058,52.0,2.0588235294117645,8.117647058823529,5.0,36.0,15.5,108.0,0.0,7.75,12.0,22.0,15.590909090909092,221.0,5.318181818181818,7.454545454545454,17.0,75,15.693333333333333,381,2.026666666666667,7.746666666666667,34,0.4533333333333333,11.205882352941176
"Digital Connections, Inc.",17.25,1.875,7.75,17.22222222222222,0.0,7.0,16.9375,5.125,7.125,17.09090909090909,2.9393939393939394,7.242424242424242,8.0,17.25,254.0,1.875,7.75,8.0,17.0,15.235294117647058,236.0,0.0,7.0,9.0,16.0,16.9375,365.0,5.125,7.125,16.0,41,16.29268292682927,855,2.3658536585365852,7.195121951219512,33,0.8048780487804879,25.90909090909091
"Direct Communications Rockland, Inc.",13.0,1.5,8.333333333333334,13.0,0.0,7.142857142857143,13.0,3.5,7.5,13.0,1.0666666666666667,7.666666666666667,9.0,13.0,323.0,1.4444444444444444,7.444444444444445,6.0,9.0,13.0,203.0,0.0,7.333333333333333,7.0,5.0,13.0,168.0,3.6,8.4,2.0,23,13.0,694,1.3478260869565217,7.608695652173913,15,0.6521739130434783,46.266666666666666
Easton Utilities Commission,19.0,3.0,8.25,0.0,0.0,0.0,19.0,5.666666666666667,9.333333333333334,19.0,4.6,8.9,6.0,18.0,150.0,2.3333333333333335,7.666666666666667,4.0,5.0,16.0,0.0,0.0,3.2,0.0,8.0,18.25,81.0,5.625,8.625,6.0,19,17.57894736842105,231,3.1052631578947367,6.894736842105263,10,0.5263157894736842,23.1
"Etheric Networks, Inc.",15.0,2.4166666666666665,12.083333333333334,15.23076923076923,0.0,8.953846153846154,15.192660550458715,10.577981651376147,11.422018348623853,15.203187250996017,4.709163346613546,10.175298804780876,20.0,15.1,295.0,2.15,12.35,12.0,801.0,14.235955056179776,4441.0,0.0,8.990012484394507,130.0,122.0,15.442622950819672,1799.0,10.336065573770492,11.12295081967213,109.0,943,14.410392364793212,6535,1.3828207847295864,9.337221633085896,251,0.26617179215270415,26.03585657370518
Federated Telephone Cooperative,17.0,2.5,4.0,0.0,0.0,0.0,15.666666666666666,7.25,7.916666666666667,15.857142857142858,6.571428571428571,7.357142857142857,2.0,17.0,5.0,2.5,4.0,2.0,0.0,0.0,0.0,0.0,0.0,0.0,14.0,16.142857142857142,80.0,7.5,8.285714285714286,12.0,16,16.25,85,6.875,7.75,14,0.875,6.071428571428571
Frontier Communications Corporation,14.508108108108107,3.3567567567567567,7.318918918918919,15.392857142857142,0.0,6.25,14.195079086115992,5.978910369068541,7.848857644991213,14.312020460358056,5.1445012787723785,7.666240409207161,769.0,13.386215864759428,3273.0,3.154746423927178,7.8985695708712615,185.0,196.0,13.474489795918368,358.0,0.0,7.326530612244898,28.0,2740.0,13.219343065693431,13443.0,6.351459854014599,8.12846715328467,569.0,3705,13.267476383265857,17074,5.351956815114709,8.038326585695007,782,0.21106612685560053,21.833759590792837
GeoLinks,14.854545454545455,1.64,8.8,14.28191489361702,0.0,7.705927051671733,14.807017543859649,4.374269005847953,10.941520467836257,14.422247446083995,0.6804767309875142,8.190692395005675,431.0,16.037122969837586,3127.0,1.5754060324825987,9.122969837587007,275.0,2382.0,15.552896725440807,10604.0,0.0,7.770361041141897,1316.0,223.0,15.609865470852018,1980.0,3.977578475336323,10.67713004484305,171.0,3036,15.625823451910408,15711,0.5158102766798419,8.17588932806324,1762,0.580368906455863,8.916572077185018
"GigaBeam Networks, LLC",14.0,2.0,7.0,14.628571428571428,0.0,7.114285714285714,14.473684210526315,5.7894736842105265,7.105263157894737,14.553571428571429,2.0357142857142856,7.107142857142857,36.0,10.722222222222221,73.0,1.75,8.055555555555555,2.0,2869.0,5.5747647263855,262.0,0.0,7.555594283722551,35.0,67.0,13.074626865671641,801.0,6.597014925373134,7.835820895522388,19.0,2972,5.806191117092867,1136,0.16991924629878868,7.5679676985195155,56,0.018842530282637954,20.285714285714285
Halstad Telephone Company,14.6,1.6,7.8,14.837837837837839,0.0,8.297297297297296,15.125,5.0,8.5,14.86,0.96,8.28,10.0,14.1,100.0,1.5,7.7,5.0,46.0,14.717391304347826,492.0,0.0,7.826086956521739,37.0,8.0,15.125,163.0,5.0,8.5,8.0,64,14.671875,755,0.859375,7.890625,50,0.78125,15.1
Hamilton County Telephone Co-Op,14.125,3.125,7.125,13.0,0.0,7.0,14.225806451612904,9.451612903225806,7.870967741935484,14.175,7.95,7.7,23.0,9.91304347826087,131.0,3.0,7.434782608695652,8.0,7.0,6.428571428571429,25.0,0.0,6.571428571428571,1.0,44.0,12.886363636363637,335.0,8.363636363636363,7.704545454545454,31.0,74,11.35135135135135,491,5.905405405405405,7.513513513513513,40,0.5405405405405406,12.275
Hankins Information Technology,16.25,2.0,9.25,17.333333333333332,0.0,7.833333333333333,16.625,5.0,8.375,16.77777777777778,2.6666666666666665,8.38888888888889,7.0,15.857142857142858,78.0,1.7142857142857142,12.0,4.0,21.0,15.619047619047619,74.0,0.0,9.80952380952381,6.0,10.0,16.4,151.0,4.7,8.8,8.0,38,15.868421052631579,303,1.5526315789473684,9.947368421052632,18,0.47368421052631576,16.833333333333332
"Home Communications, Inc.",14.0,1.0,10.0,0.0,0.0,0.0,0.0,0.0,0.0,14.0,1.0,10.0,1.0,14.0,3.0,1.0,10.0,1.0,0.0,0.0,0.0,0.0,0.0,0.0,3.0,16.0,0.0,6.333333333333333,8.333333333333334,0.0,4,15.5,3,5.0,8.75,1,0.25,3.0
"Horry Telephone Cooperative, Inc.",16.6,2.2,8.2,15.727272727272727,0.0,7.181818181818182,14.2,5.4,7.4,15.571428571428571,1.8095238095238095,7.476190476190476,11.0,16.90909090909091,89.0,2.909090909090909,8.454545454545455,5.0,33.0,15.757575757575758,131.0,0.0,7.121212121212121,11.0,5.0,14.2,54.0,5.4,7.4,5.0,49,15.857142857142858,274,1.2040816326530612,7.448979591836735,21,0.42857142857142855,13.047619047619047
Hotwire Communications Ltd.,13.0,1.5,10.333333333333334,12.458333333333334,0.0,6.958333333333333,13.0,3.25,8.75,12.617647058823529,0.6470588235294118,7.764705882352941,118.0,8.457627118644067,34.0,1.4661016949152543,8.610169491525424,6.0,1825.0,8.285479452054794,405.0,0.0,8.034520547945206,24.0,45.0,8.444444444444445,17.0,2.6,8.866666666666667,4.0,1988,8.299295774647888,456,0.14587525150905434,8.087525150905433,34,0.01710261569416499,13.411764705882353
"IdeaTek Telcom, LLC",15.5,2.0,10.5,17.0,0.0,4.0,17.0,4.0,8.0,16.25,2.0,8.25,30.0,16.333333333333332,4.0,2.1333333333333333,9.533333333333333,2.0,110.0,15.89090909090909,5.0,0.0,7.763636363636364,1.0,22.0,17.0,3.0,4.636363636363637,8.0,1.0,162,16.123456790123456,12,1.0246913580246915,8.123456790123457,4,0.024691358024691357,3.0
KanOkla Telephone Association,14.0,1.0,5.0,0.0,0.0,0.0,14.0,2.0,7.0,14.0,1.5,6.0,18.0,15.333333333333334,10.0,1.8333333333333333,6.888888888888889,1.0,31.0,14.258064516129032,0.0,0.0,7.903225806451613,0.0,8.0,15.0,16.0,5.625,10.75,1.0,57,14.701754385964913,26,1.368421052631579,7.982456140350878,2,0.03508771929824561,13.0
LICT Corporation,17.5,1.5,6.5,0.0,0.0,0.0,17.833333333333332,11.333333333333334,10.333333333333334,17.75,8.875,9.375,18.0,13.944444444444445,49.0,1.3888888888888888,6.944444444444445,2.0,78.0,13.807692307692308,0.0,0.0,7.153846153846154,0.0,34.0,14.794117647058824,84.0,7.4411764705882355,8.058823529411764,6.0,130,14.084615384615384,133,2.1384615384615384,7.361538461538461,8,0.06153846153846154,16.625
LTD Broadband LLC,14.626865671641792,1.8507462686567164,7.825870646766169,13.306204569055037,0.0,7.835669781931464,15.263824884792626,7.1728110599078345,7.7949308755760365,13.530149321782742,0.7520802462099624,7.831414567422774,328.0,14.981707317073171,2942.0,1.8597560975609757,8.027439024390244,201.0,22638.0,13.367037724180582,71297.0,0.0,7.922519657213535,7704.0,1226.0,15.407830342577487,17853.0,7.241435562805873,7.916802610114193,868.0,24192,13.492352843915343,92092,0.3921957671957672,7.923652447089947,8773,0.3626405423280423,10.497207340704435
Ligtel Communications,14.0,2.0,11.0,0.0,0.0,0.0,18.0,4.0,9.5,16.666666666666668,3.3333333333333335,10.0,4.0,15.5,6.0,2.25,7.5,1.0,0.0,0.0,0.0,0.0,0.0,0.0,2.0,18.0,59.0,4.0,9.5,2.0,6,16.333333333333332,65,2.8333333333333335,8.166666666666666,3,0.5,21.666666666666668
LocalTel Communications,14.0,3.142857142857143,6.142857142857143,0.0,0.0,0.0,13.658536585365853,6.390243902439025,7.560975609756097,13.708333333333334,5.916666666666667,7.354166666666667,8.0,13.875,119.0,3.0,6.0,7.0,0.0,0.0,0.0,0.0,0.0,0.0,73.0,13.726027397260275,1408.0,6.52054794520548,7.63013698630137,41.0,81,13.74074074074074,1527,6.172839506172839,7.469135802469136,48,0.5925925925925926,31.8125
"MCC Network Services, LLC",13.0,1.0,7.25,13.157894736842104,0.0,6.052631578947368,13.666666666666666,3.0,6.333333333333333,13.192307692307692,0.5,6.269230769230769,176.0,12.693181818181818,4.0,1.6647727272727273,8.130681818181818,4.0,468.0,12.36965811965812,27.0,0.0,7.346153846153846,19.0,72.0,12.61111111111111,4.0,2.4166666666666665,7.125,3.0,716,12.473463687150838,35,0.6522346368715084,7.516759776536313,26,0.036312849162011177,1.3461538461538463
"MEI Telecom, Inc.",13.0,2.0,6.0,13.0,0.0,8.0,13.0,5.0,8.5,13.0,3.0,7.75,3.0,11.0,6.0,1.3333333333333333,7.333333333333333,1.0,2.0,11.5,2.0,0.0,8.0,1.0,2.0,13.0,13.0,5.0,8.5,2.0,7,11.714285714285714,21,2.0,7.857142857142857,4,0.5714285714285714,5.25
"Marquette-Adams Telephone Cooperative, Inc.",18.0,1.0,6.0,0.0,0.0,0.0,16.0,9.0,9.0,16.666666666666668,6.333333333333333,8.0,1.0,18.0,6.0,1.0,6.0,1.0,0.0,0.0,0.0,0.0,0.0,0.0,8.0,13.5,4.0,6.5,8.125,2.0,9,14.0,10,5.888888888888889,7.888888888888889,3,0.3333333333333333,3.3333333333333335
Mediacom Communications Corp.,15.0,2.25,7.083333333333333,15.181818181818182,0.0,5.818181818181818,16.344827586206897,6.793103448275862,8.03448275862069,15.975409836065573,5.286885245901639,7.647540983606557,567.0,14.412698412698413,184.0,2.617283950617284,7.985890652557319,24.0,403.0,14.049627791563275,64.0,0.0,7.094292803970223,11.0,1005.0,14.818905472636816,1085.0,6.33134328358209,8.115422885572139,87.0,1975,14.545316455696202,1333,3.9731645569620255,7.869873417721519,122,0.061772151898734175,10.926229508196721
"Mercury Wireless, Inc.",17.6,1.2,7.2,16.60726643598616,0.0,7.946943483275663,0.0,0.0,0.0,16.61012075905693,0.0034502587694077054,7.944795859689477,129.0,15.286821705426357,121.0,1.821705426356589,8.069767441860465,5.0,12921.0,14.693444779815804,19478.0,0.0,7.867192941722777,1734.0,80.0,14.75,0.0,6.025,8.2125,0.0,13130,14.6996191926885,19599,0.054607768469154605,7.871287128712871,1739,0.13244478293983244,11.27027027027027
"Micrologic, Inc.",14.0,1.0,5.0,0.0,0.0,0.0,14.333333333333334,5.0,7.0,14.25,4.0,6.5,13.0,12.307692307692308,63.0,2.076923076923077,7.0,1.0,51.0,7.313725490196078,0.0,0.0,7.0,0.0,31.0,12.419354838709678,224.0,5.838709677419355,7.451612903225806,3.0,95,9.663157894736843,287,2.1894736842105265,7.147368421052631,4,0.042105263157894736,71.75
Midcontinent Communications,18.0,3.3333333333333335,7.666666666666667,19.0,0.0,4.0,15.813953488372093,7.317829457364341,7.72093023255814,15.887218045112782,7.172932330827067,7.69172932330827,4.0,17.75,95.0,3.5,8.0,3.0,16.0,16.625,51.0,0.0,6.125,1.0,217.0,15.737327188940093,730.0,7.216589861751152,7.649769585253456,129.0,237,15.831223628691983,876,6.666666666666667,7.552742616033755,133,0.5611814345991561,6.586466165413534
Mountain West Technologies Corporation,16.666666666666668,2.1666666666666665,6.5,0.0,0.0,0.0,16.666666666666668,5.916666666666667,7.583333333333333,16.666666666666668,4.666666666666667,7.222222222222222,24.0,15.166666666666666,33.0,1.7083333333333333,7.333333333333333,6.0,10.0,14.8,0.0,0.0,6.7,0.0,33.0,16.181818181818183,91.0,5.848484848484849,8.181818181818182,12.0,67,15.611940298507463,124,3.4925373134328357,7.656716417910448,18,0.26865671641791045,6.888888888888889
"NMSURF, Inc.",15.0,4.0,6.0,13.8,0.0,7.2,13.785714285714286,43.42857142857143,7.571428571428571,13.85,30.6,7.4,14.0,14.071428571428571,1.0,3.0,7.5,1.0,165.0,12.745454545454546,11.0,0.0,7.363636363636363,5.0,136.0,12.205882352941176,16.0,28.573529411764707,8.191176470588236,14.0,315,12.571428571428571,28,12.46984126984127,7.726984126984127,20,0.06349206349206349,1.4
"NTS, Inc.",16.0,1.0,3.0,0.0,0.0,0.0,13.0,4.5,4.5,14.5,2.75,3.75,14.0,18.142857142857142,2.0,2.4285714285714284,8.785714285714286,2.0,0.0,0.0,0.0,0.0,0.0,0.0,25.0,18.4,3.0,6.12,8.32,2.0,39,18.307692307692307,5,4.794871794871795,8.487179487179487,4,0.10256410256410256,1.25
Newport Utilities,13.0,2.0,6.0,0.0,0.0,0.0,13.0,5.25,6.75,13.0,4.6,6.6,3.0,15.666666666666666,1.0,2.3333333333333335,6.666666666666667,1.0,1.0,15.0,0.0,0.0,8.0,0.0,19.0,14.947368421052632,20.0,5.684210526315789,7.315789473684211,4.0,23,15.043478260869565,21,5.0,7.260869565217392,5,0.21739130434782608,4.2
Northern Arapaho Tribal Industries,13.0,2.2857142857142856,7.285714285714286,0.0,0.0,0.0,13.0,4.5,8.166666666666666,13.0,3.3076923076923075,7.6923076923076925,7.0,13.0,236.0,2.2857142857142856,7.285714285714286,7.0,0.0,0.0,0.0,0.0,0.0,0.0,6.0,13.0,93.0,4.5,8.166666666666666,6.0,13,13.0,329,3.3076923076923075,7.6923076923076925,13,1.0,25.307692307692307
"Nova Cablevision, Inc.",13.0,5.0,7.0,0.0,0.0,0.0,0.0,0.0,0.0,13.0,5.0,7.0,4.0,13.25,24.0,2.5,7.0,1.0,0.0,0.0,0.0,0.0,0.0,0.0,8.0,11.625,0.0,3.5,8.625,0.0,12,12.166666666666666,24,3.1666666666666665,8.083333333333334,1,0.08333333333333333,24.0
"One Ring Networks, Inc.",14.0,1.55,8.3,14.0,0.0,8.4,14.0,3.3,10.9,14.0,0.8533333333333334,8.706666666666667,186.0,13.155913978494624,31.0,1.4946236559139785,9.301075268817204,20.0,566.0,13.128975265017667,103.0,0.0,8.950530035335689,45.0,101.0,13.415841584158416,43.0,2.742574257425743,11.049504950495049,10.0,853,13.168815943728019,177,0.6506447831184057,9.275498241500586,75,0.08792497069167643,2.36
Paul Bunyan Rural Telephone Cooperative,15.6,2.0,6.2,16.428571428571427,0.0,6.285714285714286,13.590909090909092,6.954545454545454,7.863636363636363,14.470588235294118,4.794117647058823,7.294117647058823,12.0,15.0,180.0,1.8333333333333333,6.75,5.0,14.0,14.928571428571429,296.0,0.0,7.142857142857143,7.0,25.0,13.84,303.0,6.76,7.88,22.0,51,14.411764705882353,779,3.7450980392156863,7.411764705882353,34,0.6666666666666666,22.91176470588235
"Pembroke Telephone Company, Inc.",14.0,1.25,7.25,15.666666666666666,0.0,6.666666666666667,13.0,3.0,8.0,14.666666666666666,0.9166666666666666,7.083333333333333,4.0,14.0,53.0,1.25,7.25,4.0,64.0,10.6875,119.0,0.0,7.421875,6.0,2.0,13.0,35.0,3.0,8.0,2.0,70,10.942857142857143,207,0.15714285714285714,7.428571428571429,12,0.17142857142857143,17.25
"Peoples Telecom, LLC",15.0,1.7272727272727273,7.363636363636363,13.0,0.0,6.5,15.235294117647058,4.588235294117647,7.352941176470588,15.0,3.2333333333333334,7.3,11.0,15.0,99.0,1.7272727272727273,7.363636363636363,11.0,2.0,13.0,7.0,0.0,6.5,2.0,17.0,15.235294117647058,187.0,4.588235294117647,7.352941176470588,17.0,30,15.0,293,3.2333333333333334,7.3,30,1.0,9.766666666666667
Pine Belt Communications Co. Inc.,15.0,1.8,7.8,15.125,0.0,5.375,14.0,4.75,6.75,14.823529411764707,1.6470588235294117,6.411764705882353,11.0,13.909090909090908,171.0,1.6363636363636365,6.7272727272727275,5.0,22.0,14.590909090909092,295.0,0.0,5.2727272727272725,8.0,6.0,14.0,57.0,4.0,6.666666666666667,4.0,39,14.307692307692308,523,1.0769230769230769,5.897435897435898,17,0.4358974358974359,30.764705882352942
"Pinpoint Holdings, Inc.",14.0,2.0,6.0,15.0,0.0,5.0,0.0,0.0,0.0,14.666666666666666,0.6666666666666666,5.333333333333333,15.0,15.533333333333333,7.0,2.1333333333333333,7.8,1.0,99.0,13.16161616161616,3.0,0.0,7.525252525252525,2.0,8.0,17.0,0.0,4.625,9.125,0.0,122,13.704918032786885,10,0.5655737704918032,7.663934426229508,3,0.02459016393442623,3.3333333333333335
"Pioneer Wireless, Inc.",13.0,2.3333333333333335,8.166666666666666,13.0,0.0,5.6,13.0,4.333333333333333,6.0,13.0,2.3529411764705883,6.647058823529412,9.0,13.555555555555555,57.0,2.111111111111111,7.0,6.0,10.0,13.3,72.0,0.0,6.4,5.0,13.0,13.538461538461538,114.0,4.615384615384615,6.3076923076923075,6.0,32,13.46875,243,2.46875,6.53125,17,0.53125,14.294117647058824
"Point Broadband Fiber Holding, LLC",13.777777777777779,2.611111111111111,7.777777777777778,13.97841726618705,0.0,7.539568345323741,13.105263157894736,6.2631578947368425,7.473684210526316,13.863636363636363,0.9431818181818182,7.556818181818182,19.0,13.736842105263158,582.0,2.526315789473684,7.7894736842105265,18.0,455.0,12.938461538461539,3789.0,0.0,7.676923076923077,139.0,30.0,15.266666666666667,223.0,6.533333333333333,7.166666666666667,19.0,504,13.107142857142858,4594,0.48412698412698413,7.650793650793651,176,0.3492063492063492,26.102272727272727
"Redzone Wireless, LLC",12.0,4.0,9.0,0.0,0.0,0.0,0.0,0.0,0.0,12.0,4.0,9.0,101.0,10.96039603960396,39.0,2.1683168316831685,7.603960396039604,1.0,68.0,10.970588235294118,0.0,0.0,5.794117647058823,0.0,83.0,10.91566265060241,0.0,4.843373493975903,7.481927710843373,0.0,252,10.948412698412698,39,2.4642857142857144,7.075396825396825,1,0.003968253968253968,39.0
Reedsburg Utility Commission,17.555555555555557,2.888888888888889,7.333333333333333,0.0,0.0,0.0,17.583333333333332,4.75,7.916666666666667,17.571428571428573,3.9523809523809526,7.666666666666667,9.0,17.555555555555557,297.0,2.888888888888889,7.333333333333333,9.0,0.0,0.0,0.0,0.0,0.0,0.0,12.0,17.583333333333332,323.0,4.75,7.916666666666667,12.0,21,17.571428571428573,620,3.9523809523809526,7.666666666666667,21,1.0,29.523809523809526
"Resound Networks, LLC",17.04225352112676,1.619718309859155,8.422535211267606,16.74053724053724,0.0,7.896825396825397,17.033333333333335,7.7,9.95,16.762577727529678,0.3261729790842284,7.9875635952515545,83.0,17.253012048192772,2356.0,1.6024096385542168,8.698795180722891,71.0,2905.0,17.051635111876077,37673.0,0.0,7.943889845094664,1638.0,65.0,17.184615384615384,1100.0,7.553846153846154,10.046153846153846,60.0,3053,17.059941041598428,41129,0.20438912545037669,8.009171306911234,1769,0.5794300687848019,23.249858677218768
Roseau Electric Cooperative,17.0,1.5,7.0,0.0,0.0,0.0,17.0,2.5,7.5,17.0,2.0,7.25,2.0,17.0,48.0,1.5,7.0,2.0,0.0,0.0,0.0,0.0,0.0,0.0,2.0,17.0,28.0,2.5,7.5,2.0,4,17.0,76,2.0,7.25,4,1.0,19.0
"SLIC Network Solutions, Inc.",17.0,1.6666666666666667,7.666666666666667,17.0,0.0,7.333333333333333,17.0,6.166666666666667,8.666666666666666,17.0,2.8,7.933333333333334,9.0,16.666666666666668,106.0,1.7777777777777777,6.666666666666667,3.0,9.0,16.555555555555557,92.0,0.0,7.666666666666667,6.0,22.0,16.59090909090909,87.0,6.7272727272727275,8.409090909090908,6.0,40,16.6,285,4.1,7.85,15,0.375,19.0
SOMERSET TELEPHONE COMPANY,17.0,1.5,7.75,18.0,0.0,8.0,18.0,4.2,7.8,17.714285714285715,1.9285714285714286,7.857142857142857,8.0,17.0,50.0,1.5,7.875,4.0,7.0,16.571428571428573,48.0,0.0,7.857142857142857,5.0,5.0,18.0,36.0,4.2,7.8,5.0,20,17.1,134,1.65,7.85,14,0.7,9.571428571428571
Savage Communications Inc.,15.666666666666666,2.0,7.333333333333333,0.0,0.0,0.0,17.266666666666666,4.266666666666667,6.666666666666667,17.0,3.888888888888889,6.777777777777778,3.0,15.666666666666666,101.0,2.0,7.333333333333333,3.0,0.0,0.0,0.0,0.0,0.0,0.0,18.0,17.22222222222222,391.0,4.222222222222222,6.611111111111111,15.0,21,17.0,492,3.9047619047619047,6.714285714285714,18,0.8571428571428571,27.333333333333332
Scott County,14.636363636363637,2.8181818181818183,7.545454545454546,16.428571428571427,0.0,6.857142857142857,15.4,4.6,6.95,15.368421052631579,3.236842105263158,7.105263157894737,12.0,15.0,84.0,2.8333333333333335,7.666666666666667,11.0,9.0,17.0,132.0,0.0,6.666666666666667,7.0,20.0,15.4,162.0,4.6,6.95,20.0,41,15.634146341463415,378,3.073170731707317,7.097560975609756,38,0.926829268292683,9.947368421052632
Shenandoah Telecommunications Company,14.0,2.8,6.6,14.75,0.0,8.25,0.0,0.0,0.0,14.461538461538462,1.0769230769230769,7.615384615384615,220.0,14.063636363636364,246.0,2.190909090909091,7.709090909090909,5.0,875.0,13.537142857142857,521.0,0.0,7.458285714285714,8.0,227.0,13.973568281938325,0.0,5.334801762114537,7.356828193832599,0.0,1322,13.699697428139183,767,1.2806354009077157,7.482602118003026,13,0.009833585476550681,59.0
"Siuslaw Broadband, LLC",14.0,1.5,7.5,0.0,0.0,0.0,17.333333333333332,6.0,8.333333333333334,16.0,4.2,8.0,2.0,14.0,28.0,1.5,7.5,2.0,0.0,0.0,0.0,0.0,0.0,0.0,4.0,17.0,97.0,7.25,9.0,3.0,6,16.0,125,5.333333333333333,8.5,5,0.8333333333333334,25.0
"Socket Telecom, LLC",16.2,3.4,8.4,14.0,0.0,8.0,17.285714285714285,4.142857142857143,6.571428571428571,16.615384615384617,3.5384615384615383,7.384615384615385,24.0,14.0,26.0,2.75,7.625,5.0,196.0,9.142857142857142,1.0,0.0,7.494897959183674,1.0,24.0,14.791666666666666,55.0,4.125,7.25,7.0,244,10.176229508196721,82,0.6762295081967213,7.483606557377049,13,0.05327868852459016,6.3076923076923075
South Arkansas Telephone Co.,15.7,2.6,6.7,17.0,0.0,5.8,15.210526315789474,5.2105263157894735,7.631578947368421,15.617647058823529,3.676470588235294,7.088235294117647,10.0,15.7,283.0,2.6,6.7,10.0,7.0,16.714285714285715,99.0,0.0,5.571428571428571,5.0,19.0,15.210526315789474,497.0,5.2105263157894735,7.631578947368421,19.0,36,15.63888888888889,879,3.4722222222222223,6.972222222222222,34,0.9444444444444444,25.852941176470587
"St. John Telephone, Inc.",13.0,3.0,9.0,14.0,0.0,9.0,13.0,4.5,6.25,13.357142857142858,2.357142857142857,8.214285714285714,5.0,13.0,122.0,3.0,9.0,5.0,5.0,14.0,70.0,0.0,9.0,5.0,6.0,12.0,50.0,4.166666666666667,6.666666666666667,4.0,16,12.9375,242,2.5,8.125,14,0.875,17.285714285714285
"Talkie Communications, Inc.",15.142857142857142,1.5714285714285714,7.571428571428571,13.335232668566002,0.0,7.58309591642925,14.833333333333334,5.0,7.0,13.355534709193245,0.038461538461538464,7.5797373358348965,7.0,15.142857142857142,232.0,1.5714285714285714,7.571428571428571,7.0,1213.0,12.96949711459192,7752.0,0.0,7.708161582852432,1053.0,6.0,14.833333333333334,85.0,5.0,7.0,6.0,1226,12.991027732463296,8069,0.033442088091353996,7.7039151712887435,1066,0.8694942903752039,7.569418386491558
"Taylor Telephone Cooperative, Inc.",13.5,3.5,8.0,0.0,0.0,0.0,0.0,0.0,0.0,13.5,3.5,8.0,7.0,14.142857142857142,2.0,2.857142857142857,6.714285714285714,2.0,1.0,12.0,0.0,0.0,12.0,0.0,20.0,14.7,0.0,5.95,8.0,0.0,28,14.464285714285714,2,4.964285714285714,7.821428571428571,2,0.07142857142857142,1.0
"TruVista Communications of Georgia, LLC",13.0,2.0,7.0,16.555555555555557,0.0,7.333333333333333,16.133333333333333,5.9,6.8,16.224489795918366,3.6530612244897958,7.0,1.0,13.0,39.0,2.0,7.0,1.0,51.0,17.45098039215686,118.0,0.0,7.333333333333333,18.0,30.0,16.133333333333333,263.0,5.9,6.8,30.0,82,16.914634146341463,420,2.182926829268293,7.134146341463414,49,0.5975609756097561,8.571428571428571
"Visionary Communications, Inc.",18.5,1.5,6.5,17.6,0.0,6.8,16.5,6.366666666666666,6.533333333333333,16.756756756756758,5.243243243243243,6.5675675675675675,15.0,14.066666666666666,79.0,1.9333333333333333,6.6,2.0,20.0,13.65,44.0,0.0,6.8,5.0,87.0,15.793103448275861,558.0,7.218390804597701,7.827586206896552,30.0,122,15.229508196721312,681,5.385245901639344,7.508196721311475,37,0.30327868852459017,18.405405405405407
"WTC Communications, Inc.",14.0,2.0,7.0,14.0,0.0,8.0,16.5,4.0,11.0,15.0,2.4,8.8,8.0,16.5,3.0,1.5,8.75,2.0,3.0,16.333333333333332,2.0,0.0,7.0,1.0,2.0,16.5,18.0,4.0,11.0,2.0,13,16.46153846153846,23,1.5384615384615385,8.692307692307692,5,0.38461538461538464,4.6
Wilkes Telephone Membership Corporation,16.46511627906977,2.372093023255814,8.0,15.9375,0.0,7.1875,15.653061224489797,6.36734693877551,7.6938775510204085,15.988372093023257,2.4069767441860463,7.534883720930233,115.0,13.8,1342.0,2.0608695652173914,7.878260869565217,43.0,420.0,12.161904761904761,3068.0,0.0,7.569047619047619,80.0,112.0,14.383928571428571,1207.0,6.214285714285714,7.678571428571429,49.0,647,12.837712519319938,5617,1.4420401854714064,7.642967542503864,172,0.26584234930448225,32.656976744186046
"Windstream Holdings, Inc.",13.25,2.1779661016949152,7.805084745762712,13.11830985915493,0.0,8.090140845070422,13.255561584373304,6.812805208898535,7.364080303852415,13.235004108463436,5.369761709120789,7.512736236647494,1758.0,12.294653014789533,4517.0,2.0824800910125143,8.107508532423209,236.0,5006.0,10.220934878146224,6166.0,0.0,7.5918897323212144,355.0,4211.0,13.990738541914034,20467.0,6.499406316789361,7.657563524103538,1843.0,10975,11.999544419134397,31150,2.8273348519362185,7.699681093394077,2434,0.22177676537585422,12.797863599013969
Winnebago Cooperative Telecom Association,19.0,4.0,7.5,0.0,0.0,0.0,17.0,6.666666666666667,6.0,17.5,6.0,6.375,12.0,16.333333333333332,57.0,2.9166666666666665,7.75,2.0,31.0,12.741935483870968,0.0,0.0,7.967741935483871,0.0,14.0,17.0,24.0,7.642857142857143,7.285714285714286,6.0,57,14.543859649122806,81,2.491228070175439,7.754385964912281,8,0.14035087719298245,10.125
"XIT Rural Telephone Cooperative, Inc.",18.5,1.5,6.75,19.0,0.0,6.5,19.0,3.6666666666666665,11.333333333333334,18.818181818181817,1.5454545454545454,7.909090909090909,10.0,15.2,41.0,1.5,7.1,4.0,11.0,15.727272727272727,61.0,0.0,5.454545454545454,4.0,5.0,19.0,45.0,3.6,10.2,3.0,26,16.153846153846153,147,1.2692307692307692,7.0,11,0.4230769230769231,13.363636363636363
Ziply Fiber,13.0,3.466666666666667,6.8,0.0,0.0,0.0,13.006666666666666,6.693333333333333,7.766666666666667,13.006060606060606,6.4,7.678787878787879,21.0,11.095238095238095,142.0,3.4761904761904763,6.809523809523809,15.0,0.0,0.0,0.0,0.0,0.0,0.0,189.0,12.39153439153439,2127.0,6.481481481481482,7.613756613756614,150.0,210,12.261904761904763,2269,6.180952380952381,7.533333333333333,165,0.7857142857142857,13.751515151515152
4-Corners Consortium,0.0,0.0,0.0,13.0,0.0,6.0,0.0,0.0,0.0,13.0,0.0,6.0,0.0,0.0,0.0,0.0,0.0,0.0,74.0,14.5,104.0,0.0,6.148648648648648,2.0,0.0,0.0,0.0,0.0,0.0,0.0,74,14.5,104,0.0,6.148648648648648,2,0.02702702702702703,52.0
AB Indiana LLC,0.0,0.0,0.0,13.0,0.0,13.0,0.0,0.0,0.0,13.0,0.0,13.0,0.0,0.0,0.0,0.0,0.0,0.0,144.0,14.42361111111111,20.0,0.0,8.38888888888889,1.0,0.0,0.0,0.0,0.0,0.0,0.0,144,14.42361111111111,20,0.0,8.38888888888889,1,0.006944444444444444,20.0
ACT,0.0,0.0,0.0,13.0,0.0,7.0,0.0,0.0,0.0,13.0,0.0,7.0,0.0,0.0,0.0,0.0,0.0,0.0,7.0,10.0,89.0,0.0,7.857142857142857,2.0,0.0,0.0,0.0,0.0,0.0,0.0,7,10.0,89,0.0,7.857142857142857,2,0.2857142857142857,44.5
"ATN International, Inc.",0.0,0.0,0.0,13.222222222222221,0.0,7.222222222222222,0.0,0.0,0.0,13.222222222222221,0.0,7.222222222222222,0.0,0.0,0.0,0.0,0.0,0.0,17039.0,10.48242267738717,1435.0,0.0,7.358413052409179,27.0,0.0,0.0,0.0,0.0,0.0,0.0,17039,10.48242267738717,1435,0.0,7.358413052409179,27,0.001584600035213334,53.148148148148145
CTI Fiber,0.0,0.0,0.0,15.0,0.0,5.333333333333333,13.0,5.0,5.0,14.5,1.25,5.25,14.0,14.857142857142858,0.0,2.142857142857143,8.928571428571429,0.0,11.0,14.272727272727273,8.0,0.0,5.545454545454546,3.0,18.0,14.777777777777779,1.0,5.833333333333333,8.055555555555555,1.0,43,14.674418604651162,9,3.13953488372093,7.6976744186046515,4,0.09302325581395349,2.25
"Carolina West Wireless, Inc.",0.0,0.0,0.0,13.0,0.0,8.833333333333334,0.0,0.0,0.0,13.0,0.0,8.833333333333334,0.0,0.0,0.0,0.0,0.0,0.0,36.0,12.555555555555555,6.0,0.0,7.833333333333333,6.0,0.0,0.0,0.0,0.0,0.0,0.0,36,12.555555555555555,6,0.0,7.833333333333333,6,0.16666666666666666,1.0
"Centre WISP Venture Company, LLC",0.0,0.0,0.0,13.772727272727273,0.0,6.181818181818182,0.0,0.0,0.0,13.772727272727273,0.0,6.181818181818182,0.0,0.0,0.0,0.0,0.0,0.0,57.0,12.824561403508772,735.0,0.0,6.964912280701754,22.0,0.0,0.0,0.0,0.0,0.0,0.0,57,12.824561403508772,735,0.0,6.964912280701754,22,0.38596491228070173,33.40909090909091
City of Farmington,0.0,0.0,0.0,13.0,0.0,7.333333333333333,0.0,0.0,0.0,13.0,0.0,7.333333333333333,0.0,0.0,0.0,0.0,0.0,0.0,10.0,13.0,171.0,0.0,8.9,6.0,0.0,0.0,0.0,0.0,0.0,0.0,10,13.0,171,0.0,8.9,6,0.6,28.5
Co-op Connections Consortium,0.0,0.0,0.0,14.583333333333334,0.0,7.9,0.0,0.0,0.0,14.583333333333334,0.0,7.9,0.0,0.0,0.0,0.0,0.0,0.0,289.0,13.96885813148789,3866.0,0.0,7.768166089965398,180.0,0.0,0.0,0.0,0.0,0.0,0.0,289,13.96885813148789,3866,0.0,7.768166089965398,180,0.6228373702422145,21.477777777777778
Connecting Rural America,0.0,0.0,0.0,13.121951219512194,0.0,7.853658536585366,0.0,0.0,0.0,13.121951219512194,0.0,7.853658536585366,0.0,0.0,0.0,0.0,0.0,0.0,191.0,15.151832460732985,736.0,0.0,7.884816753926701,41.0,0.0,0.0,0.0,0.0,0.0,0.0,191,15.151832460732985,736,0.0,7.884816753926701,41,0.21465968586387435,17.951219512195124
Consortium 2020,0.0,0.0,0.0,18.836990595611287,0.0,8.282131661442007,0.0,0.0,0.0,18.836990595611287,0.0,8.282131661442007,0.0,0.0,0.0,0.0,0.0,0.0,759.0,17.840579710144926,12941.0,0.0,8.081686429512516,319.0,0.0,0.0,0.0,0.0,0.0,0.0,759,17.840579710144926,12941,0.0,8.081686429512516,319,0.42028985507246375,40.56739811912226
Consortium 904,0.0,0.0,0.0,15.0,0.0,5.0,0.0,0.0,0.0,15.0,0.0,5.0,0.0,0.0,0.0,0.0,0.0,0.0,222.0,13.653153153153154,19.0,0.0,7.923423423423423,1.0,0.0,0.0,0.0,0.0,0.0,0.0,222,13.653153153153154,19,0.0,7.923423423423423,1,0.0045045045045045045,19.0
Consortium of AEG and Heron Broadband I,0.0,0.0,0.0,13.120567375886525,0.0,7.2695035460992905,0.0,0.0,0.0,13.120567375886525,0.0,7.2695035460992905,0.0,0.0,0.0,0.0,0.0,0.0,1158.0,12.892055267702936,5899.0,0.0,7.6286701208981,141.0,0.0,0.0,0.0,0.0,0.0,0.0,1158,12.892055267702936,5899,0.0,7.6286701208981,141,0.12176165803108809,41.836879432624116
Enduring Internet,0.0,0.0,0.0,14.666666666666666,0.0,6.0,0.0,0.0,0.0,14.666666666666666,0.0,6.0,0.0,0.0,0.0,0.0,0.0,0.0,3243.0,13.930311440024669,77.0,0.0,7.8578476719087265,9.0,0.0,0.0,0.0,0.0,0.0,0.0,3243,13.930311440024669,77,0.0,7.8578476719087265,9,0.0027752081406105457,8.555555555555555
FARMERS MUTUAL TELEPHONE COMPANY,0.0,0.0,0.0,15.5,0.0,7.0,0.0,0.0,0.0,15.5,0.0,7.0,0.0,0.0,0.0,0.0,0.0,0.0,10.0,15.8,5.0,0.0,7.3,2.0,0.0,0.0,0.0,0.0,0.0,0.0,10,15.8,5,0.0,7.3,2,0.2,2.5
Farmers Telephone Company,0.0,0.0,0.0,16.96875,0.0,7.6875,0.0,0.0,0.0,16.96875,0.0,7.6875,1.0,13.0,0.0,1.0,8.0,0.0,85.0,15.388235294117647,379.0,0.0,8.035294117647059,32.0,0.0,0.0,0.0,0.0,0.0,0.0,86,15.36046511627907,379,0.011627906976744186,8.034883720930232,32,0.37209302325581395,11.84375
"FiberLight, LLC",0.0,0.0,0.0,16.09090909090909,0.0,7.909090909090909,0.0,0.0,0.0,16.09090909090909,0.0,7.909090909090909,0.0,0.0,0.0,0.0,0.0,0.0,3888.0,11.450360082304528,415.0,0.0,7.779063786008231,11.0,0.0,0.0,0.0,0.0,0.0,0.0,3888,11.450360082304528,415,0.0,7.779063786008231,11,0.002829218106995885,37.72727272727273
Fond du Lac Communications Inc,0.0,0.0,0.0,17.25,0.0,6.25,0.0,0.0,0.0,17.25,0.0,6.25,0.0,0.0,0.0,0.0,0.0,0.0,4.0,17.25,96.0,0.0,6.25,4.0,0.0,0.0,0.0,0.0,0.0,0.0,4,17.25,96,0.0,6.25,4,1.0,24.0
"Grain Communications Opportunity Fund II, L.P.",0.0,0.0,0.0,13.770491803278688,0.0,7.836065573770492,0.0,0.0,0.0,13.770491803278688,0.0,7.836065573770492,0.0,0.0,0.0,0.0,0.0,0.0,122.0,13.60655737704918,747.0,0.0,7.737704918032787,61.0,0.0,0.0,0.0,0.0,0.0,0.0,122,13.60655737704918,747,0.0,7.737704918032787,61,0.5,12.245901639344263
Great Plains Consortium,0.0,0.0,0.0,16.161290322580644,0.0,7.774193548387097,0.0,0.0,0.0,16.161290322580644,0.0,7.774193548387097,0.0,0.0,0.0,0.0,0.0,0.0,67.0,15.208955223880597,586.0,0.0,7.7611940298507465,31.0,0.0,0.0,0.0,0.0,0.0,0.0,67,15.208955223880597,586,0.0,7.7611940298507465,31,0.4626865671641791,18.903225806451612
"Hamilton.net, Inc.",0.0,0.0,0.0,16.0,0.0,5.0,17.333333333333332,6.833333333333333,8.5,17.142857142857142,5.857142857142857,8.0,6.0,13.166666666666666,0.0,2.0,8.833333333333334,0.0,2.0,14.0,5.0,0.0,6.0,1.0,18.0,15.38888888888889,56.0,7.555555555555555,9.166666666666666,6.0,26,14.76923076923077,61,5.6923076923076925,8.846153846153847,7,0.2692307692307692,8.714285714285714
Hawaii Dialogix Telecom LLC,0.0,0.0,0.0,15.5,0.0,9.5,0.0,0.0,0.0,15.5,0.0,9.5,0.0,0.0,0.0,0.0,0.0,0.0,896.0,11.407366071428571,402.0,0.0,8.926339285714286,14.0,0.0,0.0,0.0,0.0,0.0,0.0,896,11.407366071428571,402,0.0,8.926339285714286,14,0.015625,28.714285714285715
"HomeTown Broadband, Inc.",0.0,0.0,0.0,14.5,0.0,6.0,0.0,0.0,0.0,14.5,0.0,6.0,0.0,0.0,0.0,0.0,0.0,0.0,420.0,12.41904761904762,151.0,0.0,8.061904761904762,2.0,0.0,0.0,0.0,0.0,0.0,0.0,420,12.41904761904762,151,0.0,8.061904761904762,2,0.004761904761904762,75.5
"Hughes Network Systems, LLC",0.0,0.0,0.0,12.0,0.0,7.464285714285714,0.0,0.0,0.0,12.0,0.0,7.464285714285714,0.0,0.0,0.0,0.0,0.0,0.0,60928.0,12.756827731092438,370.0,0.0,7.794790572478991,168.0,0.0,0.0,0.0,0.0,0.0,0.0,60928,12.756827731092438,370,0.0,7.794790572478991,168,0.0027573529411764708,2.2023809523809526
"Miles Communications, Inc.",0.0,0.0,0.0,17.0,0.0,7.5,0.0,0.0,0.0,17.0,0.0,7.5,0.0,0.0,0.0,0.0,0.0,0.0,12.0,13.416666666666666,17.0,0.0,7.75,2.0,0.0,0.0,0.0,0.0,0.0,0.0,12,13.416666666666666,17,0.0,7.75,2,0.16666666666666666,8.5
"NBVDS Investment, L.L.C.",0.0,0.0,0.0,16.75,0.0,5.9,0.0,0.0,0.0,16.75,0.0,5.9,0.0,0.0,0.0,0.0,0.0,0.0,77.0,14.584415584415584,341.0,0.0,6.818181818181818,20.0,0.0,0.0,0.0,0.0,0.0,0.0,77,14.584415584415584,341,0.0,6.818181818181818,20,0.2597402597402597,17.05
NRTC Phase I RDOF Consortium,0.0,0.0,0.0,14.88262910798122,0.0,7.650234741784038,0.0,0.0,0.0,14.88262910798122,0.0,7.650234741784038,0.0,0.0,0.0,0.0,0.0,0.0,1490.0,15.02751677852349,16231.0,0.0,7.690604026845637,852.0,0.0,0.0,0.0,0.0,0.0,0.0,1490,15.02751677852349,16231,0.0,7.690604026845637,852,0.5718120805369128,19.050469483568076
"Net Ops Communications, LLC",0.0,0.0,0.0,19.0,0.0,12.666666666666666,0.0,0.0,0.0,19.0,0.0,12.666666666666666,0.0,0.0,0.0,0.0,0.0,0.0,27.0,16.555555555555557,192.0,0.0,8.814814814814815,3.0,0.0,0.0,0.0,0.0,0.0,0.0,27,16.555555555555557,192,0.0,8.814814814814815,3,0.1111111111111111,64.0
NexTier Consortium,0.0,0.0,0.0,15.941463414634146,0.0,7.536585365853658,0.0,0.0,0.0,15.941463414634146,0.0,7.536585365853658,0.0,0.0,0.0,0.0,0.0,0.0,3077.0,13.847253818654533,12122.0,0.0,7.584660383490413,615.0,0.0,0.0,0.0,0.0,0.0,0.0,3077,13.847253818654533,12122,0.0,7.584660383490413,615,0.19987000324991874,19.710569105691057
"Penasco Valley Telephone Cooperative, Inc.",0.0,0.0,0.0,14.0,0.0,8.0,16.0,6.0,7.5,15.6,4.8,7.6,3.0,19.0,0.0,1.6666666666666667,7.666666666666667,0.0,73.0,12.397260273972602,2.0,0.0,8.301369863013699,1.0,13.0,18.076923076923077,14.0,6.923076923076923,8.461538461538462,4.0,89,13.44943820224719,16,1.0674157303370786,8.303370786516854,5,0.056179775280898875,3.2
"Pine Cellular Phones, Inc.",0.0,0.0,0.0,17.083333333333332,0.0,6.833333333333333,0.0,0.0,0.0,17.083333333333332,0.0,6.833333333333333,0.0,0.0,0.0,0.0,0.0,0.0,14.0,17.357142857142858,315.0,0.0,7.071428571428571,12.0,0.0,0.0,0.0,0.0,0.0,0.0,14,17.357142857142858,315,0.0,7.071428571428571,12,0.8571428571428571,26.25
"Pioneer Long Distance, Inc.",0.0,0.0,0.0,19.0,0.0,6.6,0.0,0.0,0.0,19.0,0.0,6.6,0.0,0.0,0.0,0.0,0.0,0.0,16.0,19.0,129.0,0.0,6.1875,10.0,0.0,0.0,0.0,0.0,0.0,0.0,16,19.0,129,0.0,6.1875,10,0.625,12.9
"Plains Internet, LLC",0.0,0.0,0.0,13.25,0.0,7.25,12.0,7.666666666666667,7.666666666666667,12.714285714285714,3.2857142857142856,7.428571428571429,21.0,14.761904761904763,0.0,2.5238095238095237,10.095238095238095,0.0,6523.0,10.186570596351372,58.0,0.0,7.611375134140733,4.0,76.0,14.802631578947368,4.0,7.065789473684211,8.078947368421053,3.0,6620,10.254078549848943,62,0.0891238670694864,7.624622356495468,7,0.0010574018126888218,8.857142857142858
Prospero Broadband Consortium,0.0,0.0,0.0,15.283737024221454,0.0,7.346020761245675,0.0,0.0,0.0,15.283737024221454,0.0,7.346020761245675,0.0,0.0,0.0,0.0,0.0,0.0,374.0,15.302139037433156,8319.0,0.0,7.2727272727272725,289.0,0.0,0.0,0.0,0.0,0.0,0.0,374,15.302139037433156,8319,0.0,7.2727272727272725,289,0.7727272727272727,28.785467128027683
RC Technologies,0.0,0.0,0.0,16.5,0.0,6.0,0.0,0.0,0.0,16.5,0.0,6.0,0.0,0.0,0.0,0.0,0.0,0.0,4.0,16.25,46.0,0.0,7.25,2.0,0.0,0.0,0.0,0.0,0.0,0.0,4,16.25,46,0.0,7.25,2,0.5,23.0
RDOF USA Consortium,0.0,0.0,0.0,14.84457478005865,0.0,7.234604105571847,0.0,0.0,0.0,14.84457478005865,0.0,7.234604105571847,0.0,0.0,0.0,0.0,0.0,0.0,918.0,14.381263616557733,8814.0,0.0,7.617647058823529,341.0,0.0,0.0,0.0,0.0,0.0,0.0,918,14.381263616557733,8814,0.0,7.617647058823529,341,0.37145969498910675,25.8475073313783
"RHMD, LLC",0.0,0.0,0.0,14.98611111111111,0.0,7.041666666666667,0.0,0.0,0.0,14.98611111111111,0.0,7.041666666666667,0.0,0.0,0.0,0.0,0.0,0.0,218.0,13.660550458715596,1095.0,0.0,7.114678899082569,72.0,0.0,0.0,0.0,0.0,0.0,0.0,218,13.660550458715596,1095,0.0,7.114678899082569,72,0.3302752293577982,15.208333333333334
Rivers High Group,0.0,0.0,0.0,16.142857142857142,0.0,7.0,0.0,0.0,0.0,16.142857142857142,0.0,7.0,0.0,0.0,0.0,0.0,0.0,0.0,26.0,13.884615384615385,219.0,0.0,7.269230769230769,7.0,0.0,0.0,0.0,0.0,0.0,0.0,26,13.884615384615385,219,0.0,7.269230769230769,7,0.2692307692307692,31.285714285714285
Rural American Broadband Consortium,0.0,0.0,0.0,16.36,0.0,7.72,0.0,0.0,0.0,16.36,0.0,7.72,0.0,0.0,0.0,0.0,0.0,0.0,198.0,11.292929292929292,898.0,0.0,7.808080808080808,50.0,0.0,0.0,0.0,0.0,0.0,0.0,198,11.292929292929292,898,0.0,7.808080808080808,50,0.25252525252525254,17.96
Rural Electric Cooperative Consortium,0.0,0.0,0.0,15.242125984251969,0.0,7.45997375328084,0.0,0.0,0.0,15.242125984251969,0.0,7.45997375328084,0.0,0.0,0.0,0.0,0.0,0.0,5435.0,14.644158233670654,81003.0,0.0,7.526402943882244,3048.0,0.0,0.0,0.0,0.0,0.0,0.0,5435,14.644158233670654,81003,0.0,7.526402943882244,3048,0.5608095676172953,26.575787401574804
Safelink Internet,0.0,0.0,0.0,17.19047619047619,0.0,5.476190476190476,0.0,0.0,0.0,17.19047619047619,0.0,5.476190476190476,10.0,13.8,0.0,2.5,7.1,0.0,33.0,15.424242424242424,390.0,0.0,6.212121212121212,21.0,46.0,14.043478260869565,0.0,7.826086956521739,8.891304347826088,0.0,89,14.52808988764045,390,4.325842696629214,7.696629213483146,21,0.23595505617977527,18.571428571428573
Segnem Egere Consortium,0.0,0.0,0.0,13.4472049689441,0.0,6.354037267080745,0.0,0.0,0.0,13.4472049689441,0.0,6.354037267080745,0.0,0.0,0.0,0.0,0.0,0.0,486.0,11.51440329218107,6273.0,0.0,6.611111111111111,161.0,0.0,0.0,0.0,0.0,0.0,0.0,486,11.51440329218107,6273,0.0,6.611111111111111,161,0.33127572016460904,38.962732919254655
"Skywave Wireless, Inc.",0.0,0.0,0.0,14.0,0.0,6.0,0.0,0.0,0.0,14.0,0.0,6.0,3.0,16.0,0.0,1.0,6.333333333333333,0.0,16.0,15.25,5.0,0.0,7.9375,2.0,0.0,0.0,0.0,0.0,0.0,0.0,19,15.368421052631579,5,0.15789473684210525,7.684210526315789,2,0.10526315789473684,2.5
Solarus,0.0,0.0,0.0,14.0,0.0,7.0,0.0,0.0,0.0,14.0,0.0,7.0,4.0,13.5,0.0,1.0,8.5,0.0,3.0,14.0,3.0,0.0,6.666666666666667,2.0,1.0,17.0,0.0,3.0,9.0,0.0,8,14.125,3,0.875,7.875,2,0.25,1.5
Space Exploration Technologies Corp.,0.0,0.0,0.0,13.31048827414071,0.0,7.868233581197026,0.0,0.0,0.0,13.31048827414071,0.0,7.868233581197026,0.0,0.0,0.0,0.0,0.0,0.0,59409.0,13.855947752024104,113899.0,0.0,7.786783147334579,19231.0,0.0,0.0,0.0,0.0,0.0,0.0,59409,13.855947752024104,113899,0.0,7.786783147334579,19231,0.3237051625174637,5.922676927876865
"Starry, Inc.",0.0,0.0,0.0,14.662659123055162,0.0,7.966760961810467,0.0,0.0,0.0,14.662659123055162,0.0,7.966760961810467,0.0,0.0,0.0,0.0,0.0,0.0,5028.0,14.842283214001592,18633.0,0.0,7.98170246618934,1414.0,0.0,0.0,0.0,0.0,0.0,0.0,5028,14.842283214001592,18633,0.0,7.98170246618934,1414,0.28122513922036596,13.177510608203677
Tennessee Cooperative Group Consortium,0.0,0.0,0.0,14.903614457831326,0.0,7.506024096385542,0.0,0.0,0.0,14.903614457831326,0.0,7.506024096385542,0.0,0.0,0.0,0.0,0.0,0.0,313.0,15.830670926517572,957.0,0.0,7.402555910543131,83.0,0.0,0.0,0.0,0.0,0.0,0.0,313,15.830670926517572,957,0.0,7.402555910543131,83,0.26517571884984026,11.53012048192771
Terral Telephone Company,0.0,0.0,0.0,19.0,0.0,8.0,19.0,3.0,6.25,19.0,1.0909090909090908,7.363636363636363,0.0,0.0,0.0,0.0,0.0,0.0,7.0,19.0,250.0,0.0,8.0,7.0,4.0,19.0,159.0,3.0,6.25,4.0,11,19.0,409,1.0909090909090908,7.363636363636363,11,1.0,37.18181818181818
"Unified Communications, Inc.",0.0,0.0,0.0,13.0,0.0,4.0,13.0,6.5,6.5,13.0,4.333333333333333,5.666666666666667,47.0,14.27659574468085,0.0,1.702127659574468,7.1063829787234045,0.0,178.0,14.769662921348315,2.0,0.0,7.696629213483146,1.0,156.0,14.929487179487179,2.0,6.9423076923076925,7.839743589743589,2.0,381,14.774278215223097,4,3.05249343832021,7.68241469816273,3,0.007874015748031496,1.3333333333333333
"WC Fiber, LLC",0.0,0.0,0.0,15.4,0.0,7.75,0.0,0.0,0.0,15.4,0.0,7.75,0.0,0.0,0.0,0.0,0.0,0.0,38.0,16.736842105263158,123.0,0.0,7.7368421052631575,20.0,0.0,0.0,0.0,0.0,0.0,0.0,38,16.736842105263158,123,0.0,7.7368421052631575,20,0.5263157894736842,6.15
Wikstrom Telephone Company,0.0,0.0,0.0,17.0,0.0,6.2727272727272725,0.0,0.0,0.0,17.0,0.0,6.2727272727272725,0.0,0.0,0.0,0.0,0.0,0.0,18.0,17.0,93.0,0.0,7.0,11.0,0.0,0.0,0.0,0.0,0.0,0.0,18,17.0,93,0.0,7.0,11,0.6111111111111112,8.454545454545455
Wildstar,0.0,0.0,0.0,14.0,0.0,5.0,0.0,0.0,0.0,14.0,0.0,5.0,0.0,0.0,0.0,0.0,0.0,0.0,2117.0,12.79357581483231,8.0,0.0,7.544166273027869,4.0,0.0,0.0,0.0,0.0,0.0,0.0,2117,12.79357581483231,8,0.0,7.544166273027869,4,0.001889466225791214,2.0
Wisper-CABO 904 Consortium,0.0,0.0,0.0,14.417721518987342,0.0,7.3164556962025316,0.0,0.0,0.0,14.417721518987342,0.0,7.3164556962025316,0.0,0.0,0.0,0.0,0.0,0.0,11627.0,9.903500473036896,800.0,0.0,7.556549410854046,237.0,0.0,0.0,0.0,0.0,0.0,0.0,11627,9.903500473036896,800,0.0,7.556549410854046,237,0.02038358992001376,3.3755274261603376
"Worldwide Technologies, Inc.",0.0,0.0,0.0,17.0,0.0,7.666666666666667,0.0,0.0,0.0,17.0,0.0,7.666666666666667,0.0,0.0,0.0,0.0,0.0,0.0,10.0,17.6,72.0,0.0,7.3,3.0,0.0,0.0,0.0,0.0,0.0,0.0,10,17.6,72,0.0,7.3,3,0.3,24.0
"Zito West Holding, LLC",0.0,0.0,0.0,13.0,0.0,6.0,0.0,0.0,0.0,13.0,0.0,6.0,0.0,0.0,0.0,0.0,0.0,0.0,8.0,13.5,41.0,0.0,7.375,1.0,24.0,15.625,0.0,6.208333333333333,7.0,0.0,32,15.09375,41,4.65625,7.09375,1,0.03125,41.0
"All West Communications, Inc.",0.0,0.0,0.0,0.0,0.0,0.0,12.0,4.0,4.0,12.0,4.0,4.0,0.0,0.0,0.0,0.0,0.0,0.0,0.0,0.0,0.0,0.0,0.0,0.0,6.0,10.833333333333334,22.0,7.5,8.166666666666666,2.0,6,10.833333333333334,22,7.5,8.166666666666666,2,0.3333333333333333,11.0
"Arrowhead Electric Cooperative, Inc.",0.0,0.0,0.0,0.0,0.0,0.0,14.6,3.6,3.8,14.6,3.6,3.8,0.0,0.0,0.0,0.0,0.0,0.0,0.0,0.0,0.0,0.0,0.0,0.0,5.0,14.6,440.0,3.6,3.8,5.0,5,14.6,440,3.6,3.8,5,1.0,88.0
"Baldwin Telecom, Inc.",0.0,0.0,0.0,0.0,0.0,0.0,14.0,6.0,7.5,14.0,6.0,7.5,8.0,13.125,0.0,4.0,8.125,0.0,3.0,9.0,0.0,0.0,6.666666666666667,0.0,16.0,13.0,4.0,6.3125,8.125,2.0,27,12.592592592592593,4,4.925925925925926,7.962962962962963,2,0.07407407407407407,2.0
Baraga Telephone Company Inc.,0.0,0.0,0.0,0.0,0.0,0.0,16.0,6.0,7.333333333333333,16.0,6.0,7.333333333333333,1.0,15.0,0.0,2.0,6.0,0.0,2.0,11.0,0.0,0.0,4.0,0.0,3.0,16.0,21.0,6.0,7.333333333333333,3.0,6,14.166666666666666,21,3.3333333333333335,6.0,3,0.5,7.0
"Bruce Telephone Company, Inc.",0.0,0.0,0.0,0.0,0.0,0.0,17.0,4.0,7.0,17.0,4.0,7.0,0.0,0.0,0.0,0.0,0.0,0.0,0.0,0.0,0.0,0.0,0.0,0.0,1.0,17.0,6.0,4.0,7.0,1.0,1,17.0,6,4.0,7.0,1,1.0,6.0
"Comcell, Inc.",0.0,0.0,0.0,0.0,0.0,0.0,14.0,4.0,5.0,14.0,4.0,5.0,3.0,16.0,0.0,2.3333333333333335,10.0,0.0,1.0,16.0,0.0,0.0,10.0,0.0,3.0,16.0,2.0,4.0,7.0,1.0,7,16.0,2,2.7142857142857144,8.714285714285714,1,0.14285714285714285,2.0
Consolidated Telephone Company,0.0,0.0,0.0,0.0,0.0,0.0,15.571428571428571,7.0,8.857142857142858,15.571428571428571,7.0,8.857142857142858,5.0,14.2,0.0,2.2,7.4,0.0,48.0,12.520833333333334,0.0,0.0,7.645833333333333,0.0,25.0,11.32,121.0,7.32,8.32,7.0,78,12.243589743589743,121,2.4871794871794872,7.846153846153846,7,0.08974358974358974,17.285714285714285
Corn Belt Telephone,0.0,0.0,0.0,0.0,0.0,0.0,16.0,4.666666666666667,5.0,16.0,4.666666666666667,5.0,0.0,0.0,0.0,0.0,0.0,0.0,0.0,0.0,0.0,0.0,0.0,0.0,7.0,17.0,11.0,5.285714285714286,8.142857142857142,3.0,7,17.0,11,5.285714285714286,8.142857142857142,3,0.42857142857142855,3.6666666666666665
Custer Telephone Cooperative Inc.,0.0,0.0,0.0,0.0,0.0,0.0,13.0,5.0,6.5,13.0,5.0,6.5,0.0,0.0,0.0,0.0,0.0,0.0,0.0,0.0,0.0,0.0,0.0,0.0,2.0,13.0,72.0,5.0,6.5,2.0,2,13.0,72,5.0,6.5,2,1.0,36.0
"DTC Cable, Inc.",0.0,0.0,0.0,0.0,0.0,0.0,14.818181818181818,6.0,8.0,14.818181818181818,6.0,8.0,0.0,0.0,0.0,0.0,0.0,0.0,0.0,0.0,0.0,0.0,0.0,0.0,14.0,13.785714285714286,56.0,6.071428571428571,8.5,11.0,14,13.785714285714286,56,6.071428571428571,8.5,11,0.7857142857142857,5.090909090909091
"Daktel Communications, LLC",0.0,0.0,0.0,0.0,0.0,0.0,14.0,7.0,9.4,14.0,7.0,9.4,0.0,0.0,0.0,0.0,0.0,0.0,0.0,0.0,0.0,0.0,0.0,0.0,5.0,14.0,36.0,7.0,9.4,5.0,5,14.0,36,7.0,9.4,5,1.0,7.2
Emery Telcom,0.0,0.0,0.0,0.0,0.0,0.0,13.0,5.333333333333333,7.5,13.0,5.333333333333333,7.5,0.0,0.0,0.0,0.0,0.0,0.0,0.0,0.0,0.0,0.0,0.0,0.0,9.0,12.666666666666666,168.0,5.0,6.444444444444445,6.0,9,12.666666666666666,168,5.0,6.444444444444445,6,0.6666666666666666,28.0
Farmers Mutual Telephone Company,0.0,0.0,0.0,0.0,0.0,0.0,17.875,8.875,6.625,17.875,8.875,6.625,0.0,0.0,0.0,0.0,0.0,0.0,3.0,10.0,0.0,0.0,6.666666666666667,0.0,9.0,17.11111111111111,116.0,8.444444444444445,6.888888888888889,8.0,12,15.333333333333334,116,6.333333333333333,6.833333333333333,8,0.6666666666666666,14.5
Gardonville Cooperative Telephone Association,0.0,0.0,0.0,0.0,0.0,0.0,15.0,9.5,8.5,15.0,9.5,8.5,0.0,0.0,0.0,0.0,0.0,0.0,0.0,0.0,0.0,0.0,0.0,0.0,5.0,15.0,10.0,7.6,7.8,2.0,5,15.0,10,7.6,7.8,2,0.4,5.0
H&B Enterprises Inc.,0.0,0.0,0.0,0.0,0.0,0.0,16.5,6.0,4.5,16.5,6.0,4.5,1.0,14.0,0.0,6.0,11.0,0.0,0.0,0.0,0.0,0.0,0.0,0.0,2.0,16.5,10.0,6.0,4.5,2.0,3,15.666666666666666,10,6.0,6.666666666666667,2,0.6666666666666666,5.0
"Horizon Communications, Inc.",0.0,0.0,0.0,0.0,0.0,0.0,13.0,9.5,5.75,13.0,9.5,5.75,0.0,0.0,0.0,0.0,0.0,0.0,0.0,0.0,0.0,0.0,0.0,0.0,4.0,13.0,82.0,9.5,5.75,4.0,4,13.0,82,9.5,5.75,4,1.0,20.5
"LR Communications, Inc.",0.0,0.0,0.0,0.0,0.0,0.0,14.0,6.571428571428571,6.714285714285714,14.0,6.571428571428571,6.714285714285714,7.0,14.571428571428571,0.0,1.5714285714285714,8.285714285714286,0.0,6.0,14.166666666666666,0.0,0.0,5.833333333333333,0.0,34.0,16.147058823529413,10.0,6.088235294117647,7.5,7.0,47,15.659574468085106,10,4.638297872340425,7.404255319148936,7,0.14893617021276595,1.4285714285714286
"Lakeland Communications, Inc.",0.0,0.0,0.0,0.0,0.0,0.0,16.857142857142858,6.0,7.857142857142857,16.857142857142858,6.0,7.857142857142857,0.0,0.0,0.0,0.0,0.0,0.0,0.0,0.0,0.0,0.0,0.0,0.0,10.0,15.8,71.0,5.6,8.2,7.0,10,15.8,71,5.6,8.2,7,0.7,10.142857142857142
MTC Cable,0.0,0.0,0.0,0.0,0.0,0.0,13.0,7.5,9.5,13.0,7.5,9.5,0.0,0.0,0.0,0.0,0.0,0.0,0.0,0.0,0.0,0.0,0.0,0.0,6.0,13.0,34.0,7.5,9.5,6.0,6,13.0,34,7.5,9.5,6,1.0,5.666666666666667
Mountain View Telephone Company,0.0,0.0,0.0,0.0,0.0,0.0,13.0,5.0,11.0,13.0,5.0,11.0,0.0,0.0,0.0,0.0,0.0,0.0,0.0,0.0,0.0,0.0,0.0,0.0,2.0,14.0,7.0,7.5,11.0,1.0,2,14.0,7,7.5,11.0,1,0.5,7.0
Northeast Missouri Rural Telephone Company,0.0,0.0,0.0,0.0,0.0,0.0,13.0,9.0,9.0,13.0,9.0,9.0,3.0,13.0,0.0,2.3333333333333335,8.666666666666666,0.0,0.0,0.0,0.0,0.0,0.0,0.0,8.0,13.0,4.0,5.5,6.625,1.0,11,13.0,4,4.636363636363637,7.181818181818182,1,0.09090909090909091,4.0
"Palmetto Telephone Communications, LLC",0.0,0.0,0.0,0.0,0.0,0.0,13.0,4.5,7.0,13.0,4.5,7.0,2.0,16.0,0.0,5.0,7.0,0.0,0.0,0.0,0.0,0.0,0.0,0.0,5.0,14.4,59.0,5.0,7.4,2.0,7,14.857142857142858,59,5.0,7.285714285714286,2,0.2857142857142857,29.5
"Peoples Communication, Inc.",0.0,0.0,0.0,0.0,0.0,0.0,13.0,3.5,6.0,13.0,3.5,6.0,12.0,10.25,0.0,2.5833333333333335,7.916666666666667,0.0,0.0,0.0,0.0,0.0,0.0,0.0,29.0,10.724137931034482,3.0,5.620689655172414,8.0,2.0,41,10.585365853658537,3,4.7317073170731705,7.975609756097561,2,0.04878048780487805,1.5
Plateau,0.0,0.0,0.0,0.0,0.0,0.0,13.0,9.0,9.0,13.0,9.0,9.0,0.0,0.0,0.0,0.0,0.0,0.0,0.0,0.0,0.0,0.0,0.0,0.0,6.0,17.0,1.0,8.333333333333334,9.5,1.0,6,17.0,1,8.333333333333334,9.5,1,0.16666666666666666,1.0
"QCOL, Inc.",0.0,0.0,0.0,0.0,0.0,0.0,13.0,5.333333333333333,7.666666666666667,13.0,5.333333333333333,7.666666666666667,8.0,10.75,0.0,2.0,8.375,0.0,11.0,10.0,0.0,0.0,7.454545454545454,0.0,11.0,14.818181818181818,17.0,5.363636363636363,8.090909090909092,3.0,30,11.966666666666667,17,2.5,7.933333333333334,3,0.1,5.666666666666667
Reservation Telephone Cooperative,0.0,0.0,0.0,0.0,0.0,0.0,14.0,8.0,14.0,14.0,8.0,14.0,0.0,0.0,0.0,0.0,0.0,0.0,0.0,0.0,0.0,0.0,0.0,0.0,1.0,14.0,24.0,8.0,14.0,1.0,1,14.0,24,8.0,14.0,1,1.0,24.0
"Sandhill Telephone Cooperative, Inc.",0.0,0.0,0.0,0.0,0.0,0.0,13.0,5.0,6.0,13.0,5.0,6.0,11.0,14.090909090909092,0.0,3.272727272727273,7.545454545454546,0.0,3.0,9.333333333333334,0.0,0.0,8.0,0.0,30.0,17.666666666666668,1.0,5.266666666666667,6.833333333333333,1.0,44,16.204545454545453,1,4.409090909090909,7.090909090909091,1,0.022727272727272728,1.0
St Paul Coop Telephone Assoc,0.0,0.0,0.0,0.0,0.0,0.0,13.0,2.0,6.0,13.0,2.0,6.0,0.0,0.0,0.0,0.0,0.0,0.0,0.0,0.0,0.0,0.0,0.0,0.0,1.0,13.0,7.0,2.0,6.0,1.0,1,13.0,7,2.0,6.0,1,1.0,7.0
Union Telephone Company,0.0,0.0,0.0,0.0,0.0,0.0,13.0,5.0,12.0,13.0,5.0,12.0,1.0,17.0,0.0,4.0,6.0,0.0,0.0,0.0,0.0,0.0,0.0,0.0,2.0,14.0,30.0,4.0,9.0,1.0,3,15.0,30,4.0,8.0,1,0.3333333333333333,30.0
"W.T. Services, Inc.",0.0,0.0,0.0,0.0,0.0,0.0,19.0,4.5,5.5,19.0,4.5,5.5,0.0,0.0,0.0,0.0,0.0,0.0,0.0,0.0,0.0,0.0,0.0,0.0,10.0,19.0,55.0,5.3,7.4,4.0,10,19.0,55,5.3,7.4,4,0.4,13.75
Yucca Telecom,0.0,0.0,0.0,0.0,0.0,0.0,13.0,6.6,6.0,13.0,6.6,6.0,0.0,0.0,0.0,0.0,0.0,0.0,0.0,0.0,0.0,0.0,0.0,0.0,12.0,16.5,11.0,8.166666666666666,7.083333333333333,5.0,12,16.5,11,8.166666666666666,7.083333333333333,5,0.4166666666666667,2.2
"yondoo Broadband, LLC",0.0,0.0,0.0,0.0,0.0,0.0,16.0,3.5,7.0,16.0,3.5,7.0,1.0,12.0,0.0,3.0,7.0,0.0,0.0,0.0,0.0,0.0,0.0,0.0,4.0,17.0,24.0,3.25,5.75,2.0,5,16.0,24,3.2,6.0,2,0.4,12.0
"1stel, Inc.",0.0,0.0,0.0,0.0,0.0,0.0,0.0,0.0,0.0,0.0,0.0,0.0,7.0,11.428571428571429,0.0,1.2857142857142858,8.571428571428571,0.0,8425.0,10.864925816023739,0.0,0.0,7.688189910979228,0.0,3.0,11.333333333333334,0.0,4.0,8.666666666666666,0.0,8435,10.865560165975104,0,0.0024896265560165973,7.689270895080024,0,0.0,0.0
"AMA Communicaitons, L.L.C.",0.0,0.0,0.0,0.0,0.0,0.0,0.0,0.0,0.0,0.0,0.0,0.0,21.0,15.428571428571429,0.0,2.2857142857142856,9.571428571428571,0.0,35.0,15.457142857142857,0.0,0.0,7.8,0.0,45.0,15.688888888888888,0.0,5.2,8.911111111111111,0.0,101,15.554455445544555,0,2.792079207920792,8.663366336633663,0,0.0,0.0
AirCell,0.0,0.0,0.0,0.0,0.0,0.0,0.0,0.0,0.0,0.0,0.0,0.0,12.0,12.416666666666666,0.0,1.4166666666666667,9.416666666666666,0.0,119.0,12.529411764705882,0.0,0.0,8.714285714285714,0.0,7.0,15.0,0.0,4.142857142857143,7.285714285714286,0.0,138,12.644927536231885,0,0.3333333333333333,8.702898550724637,0,0.0,0.0
"Alyrica Networks, Inc.",0.0,0.0,0.0,0.0,0.0,0.0,0.0,0.0,0.0,0.0,0.0,0.0,11.0,14.909090909090908,0.0,2.272727272727273,8.363636363636363,0.0,7.0,14.428571428571429,0.0,0.0,7.0,0.0,129.0,13.248062015503876,0.0,7.62015503875969,8.069767441860465,0.0,147,13.428571428571429,0,6.857142857142857,8.040816326530612,0,0.0,0.0
Atlantic Telephone Membership Corporation,0.0,0.0,0.0,0.0,0.0,0.0,0.0,0.0,0.0,0.0,0.0,0.0,1.0,16.0,0.0,2.0,10.0,0.0,10.0,14.1,0.0,0.0,7.9,0.0,0.0,0.0,0.0,0.0,0.0,0.0,11,14.272727272727273,0,0.18181818181818182,8.090909090909092,0,0.0,0.0
Bays-ET Highspeed Internet LLC,0.0,0.0,0.0,0.0,0.0,0.0,0.0,0.0,0.0,0.0,0.0,0.0,2.0,1.0,0.0,1.5,9.5,0.0,0.0,0.0,0.0,0.0,0.0,0.0,1.0,1.0,0.0,4.0,6.0,0.0,3,1.0,0,2.3333333333333335,8.333333333333334,0,0.0,0.0
Benton Ridge Telephone Company,0.0,0.0,0.0,0.0,0.0,0.0,0.0,0.0,0.0,0.0,0.0,0.0,295.0,14.403389830508475,0.0,1.9389830508474577,8.064406779661017,0.0,23075.0,8.262361863488625,0.0,0.0,7.640086673889491,0.0,275.0,14.396363636363636,0.0,6.08,8.290909090909091,0.0,23645,8.410319306407274,0,0.09490378515542398,7.652949883696341,0,0.0,0.0
Bluestem Network LLC,0.0,0.0,0.0,0.0,0.0,0.0,0.0,0.0,0.0,0.0,0.0,0.0,19.0,14.210526315789474,0.0,1.7894736842105263,9.68421052631579,0.0,50.0,12.0,0.0,0.0,7.56,0.0,6.0,14.333333333333334,0.0,2.8333333333333335,7.666666666666667,0.0,75,12.746666666666666,0,0.68,8.106666666666667,0,0.0,0.0
Broadband Corp,0.0,0.0,0.0,0.0,0.0,0.0,0.0,0.0,0.0,0.0,0.0,0.0,19.0,10.736842105263158,0.0,1.894736842105263,7.947368421052632,0.0,30.0,10.766666666666667,0.0,0.0,7.666666666666667,0.0,54.0,11.962962962962964,0.0,7.444444444444445,8.444444444444445,0.0,103,11.388349514563107,0,4.252427184466019,8.12621359223301,0,0.0,0.0
"Cambridge Telephone Company, Inc.",0.0,0.0,0.0,0.0,0.0,0.0,0.0,0.0,0.0,0.0,0.0,0.0,3.0,5.333333333333333,0.0,1.3333333333333333,9.666666666666666,0.0,0.0,0.0,0.0,0.0,0.0,0.0,1.0,5.0,0.0,3.0,6.0,0.0,4,5.25,0,1.75,8.75,0,0.0,0.0
"Central Texas Telephone Cooperative, Inc.",0.0,0.0,0.0,0.0,0.0,0.0,0.0,0.0,0.0,0.0,0.0,0.0,2.0,11.5,0.0,1.0,4.0,0.0,0.0,0.0,0.0,0.0,0.0,0.0,8.0,12.25,0.0,7.25,8.375,0.0,10,12.1,0,6.0,7.5,0,0.0,0.0
City of Wilson,0.0,0.0,0.0,0.0,0.0,0.0,0.0,0.0,0.0,0.0,0.0,0.0,1.0,12.0,0.0,4.0,7.0,0.0,0.0,0.0,0.0,0.0,0.0,0.0,5.0,12.0,0.0,4.2,8.8,0.0,6,12.0,0,4.166666666666667,8.5,0,0.0,0.0
"Colorado Central Telecom, Inc.",0.0,0.0,0.0,0.0,0.0,0.0,0.0,0.0,0.0,0.0,0.0,0.0,1.0,13.0,0.0,2.0,5.0,0.0,0.0,0.0,0.0,0.0,0.0,0.0,12.0,13.0,0.0,6.25,7.916666666666667,0.0,13,13.0,0,5.923076923076923,7.6923076923076925,0,0.0,0.0
Conifer Communications,0.0,0.0,0.0,0.0,0.0,0.0,0.0,0.0,0.0,0.0,0.0,0.0,2.0,13.0,0.0,3.5,7.5,0.0,0.0,0.0,0.0,0.0,0.0,0.0,10.0,13.0,0.0,7.9,7.7,0.0,12,13.0,0,7.166666666666667,7.666666666666667,0,0.0,0.0
"Country Wireless, LLC",0.0,0.0,0.0,0.0,0.0,0.0,0.0,0.0,0.0,0.0,0.0,0.0,1.0,12.0,0.0,2.0,10.0,0.0,1.0,12.0,0.0,0.0,8.0,0.0,3.0,12.0,0.0,4.666666666666667,7.333333333333333,0.0,5,12.0,0,3.2,8.0,0,0.0,0.0
"Cumby Telephone Coop., Inc.",0.0,0.0,0.0,0.0,0.0,0.0,0.0,0.0,0.0,0.0,0.0,0.0,5.0,14.2,0.0,2.2,7.8,0.0,0.0,0.0,0.0,0.0,0.0,0.0,11.0,16.818181818181817,0.0,6.090909090909091,9.0,0.0,16,16.0,0,4.875,8.625,0,0.0,0.0
Data Stream,0.0,0.0,0.0,0.0,0.0,0.0,0.0,0.0,0.0,0.0,0.0,0.0,12.0,5.583333333333333,0.0,2.75,7.916666666666667,0.0,82.0,4.0,0.0,0.0,7.512195121951219,0.0,15.0,6.133333333333334,0.0,3.8666666666666667,7.266666666666667,0.0,109,4.467889908256881,0,0.8348623853211009,7.522935779816514,0,0.0,0.0
"Declaration Networks Group, Inc",0.0,0.0,0.0,0.0,0.0,0.0,0.0,0.0,0.0,0.0,0.0,0.0,1.0,12.0,0.0,2.0,7.0,0.0,0.0,0.0,0.0,0.0,0.0,0.0,19.0,11.421052631578947,0.0,5.684210526315789,7.0,0.0,20,11.45,0,5.5,7.0,0,0.0,0.0
"Dell Telephone Cooperative, Inc.",0.0,0.0,0.0,0.0,0.0,0.0,0.0,0.0,0.0,0.0,0.0,0.0,7.0,9.0,0.0,1.8571428571428572,7.428571428571429,0.0,1.0,9.0,0.0,0.0,4.0,0.0,11.0,5.181818181818182,0.0,9.272727272727273,8.363636363636363,0.0,19,6.7894736842105265,0,6.052631578947368,7.7894736842105265,0,0.0,0.0
"FTC Diversified Services, LLC",0.0,0.0,0.0,0.0,0.0,0.0,0.0,0.0,0.0,0.0,0.0,0.0,3.0,1.0,0.0,1.6666666666666667,7.0,0.0,0.0,0.0,0.0,0.0,0.0,0.0,4.0,1.0,0.0,4.25,7.0,0.0,7,1.0,0,3.142857142857143,7.0,0,0.0,0.0
Falcon Internet,0.0,0.0,0.0,0.0,0.0,0.0,0.0,0.0,0.0,0.0,0.0,0.0,30.0,11.066666666666666,0.0,1.3333333333333333,8.4,0.0,3169.0,6.418112969390975,0.0,0.0,7.8879772798990215,0.0,14.0,14.214285714285714,0.0,4.714285714285714,7.5,0.0,3213,6.495487083722378,0,0.03299097416744476,7.891067538126362,0,0.0,0.0
"Farmers Mutual Telephone Company of Stanton, Iowa",0.0,0.0,0.0,0.0,0.0,0.0,0.0,0.0,0.0,0.0,0.0,0.0,1.0,10.0,0.0,6.0,11.0,0.0,0.0,0.0,0.0,0.0,0.0,0.0,20.0,10.0,0.0,6.3,7.3,0.0,21,10.0,0,6.285714285714286,7.476190476190476,0,0.0,0.0
Fundamental Holdings Corp dba Peak Internet,0.0,0.0,0.0,0.0,0.0,0.0,0.0,0.0,0.0,0.0,0.0,0.0,3.0,13.0,0.0,3.0,7.333333333333333,0.0,50.0,13.48,0.0,0.0,8.78,0.0,7.0,12.714285714285714,0.0,6.0,7.714285714285714,0.0,60,13.366666666666667,0,0.85,8.583333333333334,0,0.0,0.0
Getwireless.net,0.0,0.0,0.0,0.0,0.0,0.0,0.0,0.0,0.0,0.0,0.0,0.0,1.0,2.0,0.0,7.0,13.0,0.0,16.0,2.0,0.0,0.0,6.4375,0.0,0.0,0.0,0.0,0.0,0.0,0.0,17,2.0,0,0.4117647058823529,6.823529411764706,0,0.0,0.0
Haefele TV Inc.,0.0,0.0,0.0,0.0,0.0,0.0,0.0,0.0,0.0,0.0,0.0,0.0,2.0,13.5,0.0,2.5,7.5,0.0,0.0,0.0,0.0,0.0,0.0,0.0,13.0,13.692307692307692,0.0,5.6923076923076925,7.538461538461538,0.0,15,13.666666666666666,0,5.266666666666667,7.533333333333333,0,0.0,0.0
"Hartington Telecommunications Co., Inc.",0.0,0.0,0.0,0.0,0.0,0.0,0.0,0.0,0.0,0.0,0.0,0.0,1.0,17.0,0.0,1.0,7.0,0.0,0.0,0.0,0.0,0.0,0.0,0.0,1.0,17.0,0.0,5.0,10.0,0.0,2,17.0,0,3.0,8.5,0,0.0,0.0
"Hilliary Communications, LLC",0.0,0.0,0.0,0.0,0.0,0.0,0.0,0.0,0.0,0.0,0.0,0.0,25.0,10.0,0.0,2.36,7.96,0.0,17.0,10.0,0.0,0.0,6.529411764705882,0.0,21.0,10.0,0.0,4.428571428571429,6.714285714285714,0.0,63,10.0,0,2.4126984126984126,7.158730158730159,0,0.0,0.0
"Home Telephone ILEC, LLC d/b/a Home Telecom",0.0,0.0,0.0,0.0,0.0,0.0,0.0,0.0,0.0,0.0,0.0,0.0,2.0,9.0,0.0,1.5,5.5,0.0,0.0,0.0,0.0,0.0,0.0,0.0,8.0,7.625,0.0,6.25,8.875,0.0,10,7.9,0,5.3,8.2,0,0.0,0.0
Huxley Communications Cooperative,0.0,0.0,0.0,0.0,0.0,0.0,0.0,0.0,0.0,0.0,0.0,0.0,2.0,15.0,0.0,3.0,9.5,0.0,0.0,0.0,0.0,0.0,0.0,0.0,1.0,15.0,0.0,7.0,7.0,0.0,3,15.0,0,4.333333333333333,8.666666666666666,0,0.0,0.0
Inland Cellular LLC,0.0,0.0,0.0,0.0,0.0,0.0,0.0,0.0,0.0,0.0,0.0,0.0,8.0,9.0,0.0,2.25,8.0,0.0,23.0,9.0,0.0,0.0,6.695652173913044,0.0,14.0,9.0,0.0,5.357142857142857,7.214285714285714,0.0,45,9.0,0,2.066666666666667,7.088888888888889,0,0.0,0.0
Kingdom Telecommunications Inc,0.0,0.0,0.0,0.0,0.0,0.0,0.0,0.0,0.0,0.0,0.0,0.0,1.0,10.0,0.0,5.0,11.0,0.0,10.0,12.9,0.0,0.0,7.7,0.0,0.0,0.0,0.0,0.0,0.0,0.0,11,12.636363636363637,0,0.45454545454545453,8.0,0,0.0,0.0
"Leap Communications, LLC",0.0,0.0,0.0,0.0,0.0,0.0,0.0,0.0,0.0,0.0,0.0,0.0,2.0,10.0,0.0,2.0,12.0,0.0,8.0,11.0,0.0,0.0,7.875,0.0,0.0,0.0,0.0,0.0,0.0,0.0,10,10.8,0,0.4,8.7,0,0.0,0.0
Lincolnville Telephone Company,0.0,0.0,0.0,0.0,0.0,0.0,0.0,0.0,0.0,0.0,0.0,0.0,1.0,12.0,0.0,4.0,8.0,0.0,0.0,0.0,0.0,0.0,0.0,0.0,0.0,0.0,0.0,0.0,0.0,0.0,1,12.0,0,4.0,8.0,0,0.0,0.0
Local Internet Service Company,0.0,0.0,0.0,0.0,0.0,0.0,0.0,0.0,0.0,0.0,0.0,0.0,3.0,12.666666666666666,0.0,2.3333333333333335,10.666666666666666,0.0,3.0,12.0,0.0,0.0,7.666666666666667,0.0,2.0,11.5,0.0,4.5,9.5,0.0,8,12.125,0,2.0,9.25,0,0.0,0.0
Mark Twain Communications Company,0.0,0.0,0.0,0.0,0.0,0.0,0.0,0.0,0.0,0.0,0.0,0.0,8.0,13.0,0.0,2.125,6.75,0.0,0.0,0.0,0.0,0.0,0.0,0.0,23.0,13.0,0.0,6.6521739130434785,8.391304347826088,0.0,31,13.0,0,5.483870967741935,7.967741935483871,0,0.0,0.0
"Martell Enterprises, Inc.",0.0,0.0,0.0,0.0,0.0,0.0,0.0,0.0,0.0,0.0,0.0,0.0,1.0,13.0,0.0,3.0,10.0,0.0,0.0,0.0,0.0,0.0,0.0,0.0,1.0,12.0,0.0,1.0,2.0,0.0,2,12.5,0,2.0,6.0,0,0.0,0.0
Massena Telephone Company,0.0,0.0,0.0,0.0,0.0,0.0,0.0,0.0,0.0,0.0,0.0,0.0,6.0,12.0,0.0,1.5,7.833333333333333,0.0,16.0,10.875,0.0,0.0,7.625,0.0,4.0,13.25,0.0,3.75,11.0,0.0,26,11.5,0,0.9230769230769231,8.192307692307692,0,0.0,0.0
Montana Internet Corporation,0.0,0.0,0.0,0.0,0.0,0.0,0.0,0.0,0.0,0.0,0.0,0.0,1.0,11.0,0.0,3.0,4.0,0.0,0.0,0.0,0.0,0.0,0.0,0.0,9.0,11.0,0.0,7.777777777777778,7.666666666666667,0.0,10,11.0,0,7.3,7.3,0,0.0,0.0
Moundridge Telephone Co.,0.0,0.0,0.0,0.0,0.0,0.0,0.0,0.0,0.0,0.0,0.0,0.0,1.0,12.0,0.0,2.0,7.0,0.0,0.0,0.0,0.0,0.0,0.0,0.0,3.0,14.0,0.0,5.333333333333333,10.0,0.0,4,13.5,0,4.5,9.25,0,0.0,0.0
"NEIT Services, LLC",0.0,0.0,0.0,0.0,0.0,0.0,0.0,0.0,0.0,0.0,0.0,0.0,2.0,14.0,0.0,2.0,8.5,0.0,0.0,0.0,0.0,0.0,0.0,0.0,3.0,14.0,0.0,3.3333333333333335,7.0,0.0,5,14.0,0,2.8,7.6,0,0.0,0.0
Newbreak Communications,0.0,0.0,0.0,0.0,0.0,0.0,0.0,0.0,0.0,0.0,0.0,0.0,2.0,6.5,0.0,1.0,6.5,0.0,0.0,0.0,0.0,0.0,0.0,0.0,1.0,10.0,0.0,6.0,15.0,0.0,3,7.666666666666667,0,2.6666666666666665,9.333333333333334,0,0.0,0.0
NexGenAccess,0.0,0.0,0.0,0.0,0.0,0.0,0.0,0.0,0.0,0.0,0.0,0.0,34.0,12.058823529411764,0.0,1.8235294117647058,8.058823529411764,0.0,153.0,11.49673202614379,0.0,0.0,7.8431372549019605,0.0,28.0,12.714285714285714,0.0,5.178571428571429,8.0,0.0,215,11.744186046511627,0,0.9627906976744186,7.897674418604651,0,0.0,0.0
Northwoodsconnect,0.0,0.0,0.0,0.0,0.0,0.0,0.0,0.0,0.0,0.0,0.0,0.0,17.0,13.294117647058824,0.0,1.7647058823529411,7.470588235294118,0.0,2.0,14.0,0.0,0.0,6.5,0.0,8.0,13.75,0.0,2.5,7.125,0.0,27,13.481481481481481,0,1.8518518518518519,7.296296296296297,0,0.0,0.0
"Norvado, Inc.",0.0,0.0,0.0,0.0,0.0,0.0,0.0,0.0,0.0,0.0,0.0,0.0,3.0,12.0,0.0,1.3333333333333333,7.0,0.0,15.0,12.6,0.0,0.0,7.466666666666667,0.0,2.0,14.0,0.0,3.0,7.5,0.0,20,12.65,0,0.5,7.4,0,0.0,0.0
One Point Technologies Inc.,0.0,0.0,0.0,0.0,0.0,0.0,0.0,0.0,0.0,0.0,0.0,0.0,1.0,12.0,0.0,4.0,7.0,0.0,0.0,0.0,0.0,0.0,0.0,0.0,12.0,13.166666666666666,0.0,6.833333333333333,6.833333333333333,0.0,13,13.076923076923077,0,6.615384615384615,6.846153846153846,0,0.0,0.0
"Panhandle Telephone Cooperative, Inc.",0.0,0.0,0.0,0.0,0.0,0.0,0.0,0.0,0.0,0.0,0.0,0.0,1.0,18.0,0.0,1.0,2.0,0.0,0.0,0.0,0.0,0.0,0.0,0.0,4.0,18.0,0.0,4.75,5.25,0.0,5,18.0,0,4.0,4.6,0,0.0,0.0
"Pathway Com-Tel, Inc.",0.0,0.0,0.0,0.0,0.0,0.0,0.0,0.0,0.0,0.0,0.0,0.0,3.0,14.333333333333334,0.0,2.0,6.333333333333333,0.0,1.0,13.0,0.0,0.0,10.0,0.0,1.0,13.0,0.0,1.0,17.0,0.0,5,13.8,0,1.4,9.2,0,0.0,0.0
"Pathwayz Communications, Inc.",0.0,0.0,0.0,0.0,0.0,0.0,0.0,0.0,0.0,0.0,0.0,0.0,3.0,14.666666666666666,0.0,1.6666666666666667,12.0,0.0,4.0,15.75,0.0,0.0,10.5,0.0,0.0,0.0,0.0,0.0,0.0,0.0,7,15.285714285714286,0,0.7142857142857143,11.142857142857142,0,0.0,0.0
"Planters Communications, LLC",0.0,0.0,0.0,0.0,0.0,0.0,0.0,0.0,0.0,0.0,0.0,0.0,1.0,11.0,0.0,3.0,6.0,0.0,0.0,0.0,0.0,0.0,0.0,0.0,6.0,12.5,0.0,5.166666666666667,8.166666666666666,0.0,7,12.285714285714286,0,4.857142857142857,7.857142857142857,0,0.0,0.0
"PocketiNet Communications, Inc.",0.0,0.0,0.0,0.0,0.0,0.0,0.0,0.0,0.0,0.0,0.0,0.0,10.0,13.6,0.0,2.2,8.5,0.0,13.0,12.846153846153847,0.0,0.0,7.3076923076923075,0.0,19.0,13.263157894736842,0.0,6.2631578947368425,8.105263157894736,0.0,42,13.214285714285714,0,3.357142857142857,7.9523809523809526,0,0.0,0.0
"Poka Lambro Telecommunications, Ltd.",0.0,0.0,0.0,0.0,0.0,0.0,0.0,0.0,0.0,0.0,0.0,0.0,7.0,15.857142857142858,0.0,1.8571428571428572,10.428571428571429,0.0,15.0,14.6,0.0,0.0,9.066666666666666,0.0,5.0,16.0,0.0,3.6,6.0,0.0,27,15.185185185185185,0,1.1481481481481481,8.851851851851851,0,0.0,0.0
"Quantum Telecommunications, Inc.",0.0,0.0,0.0,0.0,0.0,0.0,0.0,0.0,0.0,0.0,0.0,0.0,5.0,14.0,0.0,1.6,7.8,0.0,16.0,13.375,0.0,0.0,7.375,0.0,1.0,14.0,0.0,3.0,10.0,0.0,22,13.545454545454545,0,0.5,7.590909090909091,0,0.0,0.0
"Rainbow Telecommunications Association, Inc.",0.0,0.0,0.0,0.0,0.0,0.0,0.0,0.0,0.0,0.0,0.0,0.0,1.0,13.0,0.0,3.0,8.0,0.0,0.0,0.0,0.0,0.0,0.0,0.0,14.0,13.285714285714286,0.0,8.928571428571429,7.357142857142857,0.0,15,13.266666666666667,0,8.533333333333333,7.4,0,0.0,0.0
Rocket Connect LLC,0.0,0.0,0.0,0.0,0.0,0.0,0.0,0.0,0.0,0.0,0.0,0.0,29.0,15.551724137931034,0.0,1.5517241379310345,7.103448275862069,0.0,26.0,13.923076923076923,0.0,0.0,6.769230769230769,0.0,11.0,16.272727272727273,0.0,3.0,7.909090909090909,0.0,66,15.030303030303031,0,1.1818181818181819,7.106060606060606,0,0.0,0.0
Ronan Telephone Co,0.0,0.0,0.0,0.0,0.0,0.0,0.0,0.0,0.0,0.0,0.0,0.0,2.0,13.0,0.0,3.5,7.0,0.0,0.0,0.0,0.0,0.0,0.0,0.0,8.0,13.5,0.0,7.0,7.375,0.0,10,13.4,0,6.3,7.3,0,0.0,0.0
Rowe Wireless Networks LLC,0.0,0.0,0.0,0.0,0.0,0.0,0.0,0.0,0.0,0.0,0.0,0.0,18.0,8.444444444444445,0.0,1.9444444444444444,7.777777777777778,0.0,27.0,8.0,0.0,0.0,6.518518518518518,0.0,16.0,10.125,0.0,5.5625,7.375,0.0,61,8.688524590163935,0,2.0327868852459017,7.114754098360656,0,0.0,0.0
San Bruno CityNet Services,0.0,0.0,0.0,0.0,0.0,0.0,0.0,0.0,0.0,0.0,0.0,0.0,6.0,3.0,0.0,2.1666666666666665,12.333333333333334,0.0,81.0,3.0,0.0,0.0,8.197530864197532,0.0,5.0,3.0,0.0,5.6,7.8,0.0,92,3.0,0,0.44565217391304346,8.445652173913043,0,0.0,0.0
San Diego Broadband,0.0,0.0,0.0,0.0,0.0,0.0,0.0,0.0,0.0,0.0,0.0,0.0,4.0,13.25,0.0,4.5,8.5,0.0,28.0,13.714285714285714,0.0,0.0,9.142857142857142,0.0,55.0,13.2,0.0,7.218181818181818,8.2,0.0,87,13.367816091954023,0,4.7701149425287355,8.517241379310345,0,0.0,0.0
"Santa Rosa Telephone Cooperative, Inc.",0.0,0.0,0.0,0.0,0.0,0.0,0.0,0.0,0.0,0.0,0.0,0.0,28.0,13.75,0.0,2.142857142857143,6.928571428571429,0.0,12.0,13.583333333333334,0.0,0.0,5.416666666666667,0.0,17.0,13.705882352941176,0.0,7.294117647058823,10.117647058823529,0.0,57,13.701754385964913,0,3.2280701754385963,7.56140350877193,0,0.0,0.0
Scranton Telephone Company,0.0,0.0,0.0,0.0,0.0,0.0,0.0,0.0,0.0,0.0,0.0,0.0,1.0,12.0,0.0,1.0,6.0,0.0,0.0,0.0,0.0,0.0,0.0,0.0,0.0,0.0,0.0,0.0,0.0,0.0,1,12.0,0,1.0,6.0,0,0.0,0.0
Siyeh Communications,0.0,0.0,0.0,0.0,0.0,0.0,0.0,0.0,0.0,0.0,0.0,0.0,1.0,10.0,0.0,1.0,7.0,0.0,2.0,9.5,0.0,0.0,4.5,0.0,0.0,0.0,0.0,0.0,0.0,0.0,3,9.666666666666666,0,0.3333333333333333,5.333333333333333,0,0.0,0.0
"Skybeam, LLC",0.0,0.0,0.0,0.0,0.0,0.0,0.0,0.0,0.0,0.0,0.0,0.0,289.0,13.086505190311419,0.0,2.152249134948097,7.844290657439446,0.0,1096.0,8.933394160583942,0.0,0.0,8.093978102189782,0.0,1340.0,13.135074626865672,0.0,7.326865671641791,8.415671641791045,0.0,2725,11.44,0,3.831192660550459,8.225688073394496,0,0.0,0.0
"Sound Internet Services, Inc.",0.0,0.0,0.0,0.0,0.0,0.0,0.0,0.0,0.0,0.0,0.0,0.0,4.0,10.5,0.0,1.5,5.75,0.0,2.0,10.0,0.0,0.0,9.5,0.0,14.0,10.071428571428571,0.0,6.642857142857143,7.214285714285714,0.0,20,10.15,0,4.95,7.15,0,0.0,0.0
South Central Wireless Inc.,0.0,0.0,0.0,0.0,0.0,0.0,0.0,0.0,0.0,0.0,0.0,0.0,2.0,15.0,0.0,3.0,6.5,0.0,0.0,0.0,0.0,0.0,0.0,0.0,16.0,16.6875,0.0,5.5,7.125,0.0,18,16.5,0,5.222222222222222,7.055555555555555,0,0.0,0.0
Southern Montana Telephone Company,0.0,0.0,0.0,0.0,0.0,0.0,0.0,0.0,0.0,0.0,0.0,0.0,1.0,11.0,0.0,2.0,9.0,0.0,0.0,0.0,0.0,0.0,0.0,0.0,0.0,0.0,0.0,0.0,0.0,0.0,1,11.0,0,2.0,9.0,0,0.0,0.0
"Southwest Arkansas Telephone Cooperative, Inc.",0.0,0.0,0.0,0.0,0.0,0.0,0.0,0.0,0.0,0.0,0.0,0.0,1.0,16.0,0.0,3.0,11.0,0.0,3.0,12.0,0.0,0.0,3.6666666666666665,0.0,5.0,15.2,0.0,4.6,6.6,0.0,9,14.222222222222221,0,2.888888888888889,6.111111111111111,0,0.0,0.0
Southwest Minnesota Broadband Services,0.0,0.0,0.0,0.0,0.0,0.0,0.0,0.0,0.0,0.0,0.0,0.0,11.0,15.0,0.0,1.6363636363636365,8.272727272727273,0.0,15.0,15.0,0.0,0.0,6.466666666666667,0.0,11.0,15.0,0.0,5.636363636363637,8.727272727272727,0.0,37,15.0,0,2.1621621621621623,7.675675675675675,0,0.0,0.0
"Spiral Communications, LLC",0.0,0.0,0.0,0.0,0.0,0.0,0.0,0.0,0.0,0.0,0.0,0.0,7.0,17.0,0.0,1.7142857142857142,8.142857142857142,0.0,11.0,13.545454545454545,0.0,0.0,7.363636363636363,0.0,5.0,17.0,0.0,4.2,8.2,0.0,23,15.347826086956522,0,1.434782608695652,7.782608695652174,0,0.0,0.0
Spring Grove Communications,0.0,0.0,0.0,0.0,0.0,0.0,0.0,0.0,0.0,0.0,0.0,0.0,4.0,16.0,0.0,2.25,7.75,0.0,11.0,15.454545454545455,0.0,0.0,6.909090909090909,0.0,3.0,16.0,0.0,3.0,7.666666666666667,0.0,18,15.666666666666666,0,1.0,7.222222222222222,0,0.0,0.0
Steelville Telephone Exchange Inc,0.0,0.0,0.0,0.0,0.0,0.0,0.0,0.0,0.0,0.0,0.0,0.0,5.0,12.4,0.0,1.6,7.8,0.0,3.0,12.0,0.0,0.0,6.0,0.0,5.0,13.2,0.0,6.4,8.8,0.0,13,12.615384615384615,0,3.076923076923077,7.769230769230769,0,0.0,0.0
"Surf Air Wireless, LLC",0.0,0.0,0.0,0.0,0.0,0.0,0.0,0.0,0.0,0.0,0.0,0.0,57.0,13.31578947368421,0.0,2.0350877192982457,8.333333333333334,0.0,63.0,12.88888888888889,0.0,0.0,7.873015873015873,0.0,44.0,13.090909090909092,0.0,5.7272727272727275,8.522727272727273,0.0,164,13.091463414634147,0,2.2439024390243905,8.207317073170731,0,0.0,0.0
"ThinkBig Networks, LLC",0.0,0.0,0.0,0.0,0.0,0.0,0.0,0.0,0.0,0.0,0.0,0.0,6.0,11.166666666666666,0.0,2.0,7.166666666666667,0.0,13.0,11.538461538461538,0.0,0.0,7.615384615384615,0.0,18.0,12.666666666666666,0.0,5.0,6.722222222222222,0.0,37,12.027027027027026,0,2.7567567567567566,7.108108108108108,0,0.0,0.0
"Totah Communications, Inc.",0.0,0.0,0.0,0.0,0.0,0.0,0.0,0.0,0.0,0.0,0.0,0.0,3.0,1.0,0.0,2.0,5.0,0.0,4.0,1.0,0.0,0.0,4.25,0.0,2.0,1.0,0.0,3.5,7.5,0.0,9,1.0,0,1.4444444444444444,5.222222222222222,0,0.0,0.0
"Tri County Telephone Association, Inc.",0.0,0.0,0.0,0.0,0.0,0.0,0.0,0.0,0.0,0.0,0.0,0.0,17.0,7.0,0.0,1.6470588235294117,8.705882352941176,0.0,43.0,7.0,0.0,0.0,6.883720930232558,0.0,16.0,7.0,0.0,6.1875,7.9375,0.0,76,7.0,0,1.6710526315789473,7.5131578947368425,0,0.0,0.0
"Ultimate Internet Access, Inc.",0.0,0.0,0.0,0.0,0.0,0.0,0.0,0.0,0.0,0.0,0.0,0.0,8.0,14.125,0.0,2.0,9.0,0.0,127.0,12.275590551181102,0.0,0.0,8.692913385826772,0.0,17.0,13.647058823529411,0.0,7.9411764705882355,9.470588235294118,0.0,152,12.526315789473685,0,0.993421052631579,8.796052631578947,0,0.0,0.0
"United Wireless Communications, Inc.",0.0,0.0,0.0,0.0,0.0,0.0,0.0,0.0,0.0,0.0,0.0,0.0,23.0,10.91304347826087,0.0,2.782608695652174,7.260869565217392,0.0,0.0,0.0,0.0,0.0,0.0,0.0,22.0,12.363636363636363,0.0,3.9545454545454546,7.5,0.0,45,11.622222222222222,0,3.3555555555555556,7.377777777777778,0,0.0,0.0
"Valley Telephone Cooperative, Inc.",0.0,0.0,0.0,0.0,0.0,0.0,0.0,0.0,0.0,0.0,0.0,0.0,4.0,14.0,0.0,2.0,7.75,0.0,0.0,0.0,0.0,0.0,0.0,0.0,2.0,14.0,0.0,4.5,8.5,0.0,6,14.0,0,2.8333333333333335,8.0,0,0.0,0.0
Verizon Communications Inc.,0.0,0.0,0.0,0.0,0.0,0.0,0.0,0.0,0.0,0.0,0.0,0.0,188.0,11.803191489361701,0.0,1.25,9.164893617021276,0.0,9606.0,12.379554445138455,0.0,0.0,7.891109723089736,0.0,38.0,11.789473684210526,0.0,1.6578947368421053,8.631578947368421,0.0,9832,12.366253051261188,0,0.03030919446704638,7.918327908868999,0,0.0,0.0
"Wabash Communications, Inc.",0.0,0.0,0.0,0.0,0.0,0.0,0.0,0.0,0.0,0.0,0.0,0.0,16.0,5.8125,0.0,1.6875,7.875,0.0,34.0,4.352941176470588,0.0,0.0,8.323529411764707,0.0,11.0,5.2727272727272725,0.0,5.636363636363637,8.727272727272727,0.0,61,4.901639344262295,0,1.459016393442623,8.278688524590164,0,0.0,0.0
Western Iowa Wireless,0.0,0.0,0.0,0.0,0.0,0.0,0.0,0.0,0.0,0.0,0.0,0.0,71.0,14.619718309859154,0.0,1.732394366197183,8.52112676056338,0.0,672.0,14.982142857142858,0.0,0.0,7.910714285714286,0.0,99.0,15.969696969696969,0.0,5.878787878787879,8.292929292929292,0.0,842,15.06769596199525,0,0.83729216152019,8.007125890736342,0,0.0,0.0
Wiggins Telephone Association,0.0,0.0,0.0,0.0,0.0,0.0,0.0,0.0,0.0,0.0,0.0,0.0,2.0,14.0,0.0,2.5,7.0,0.0,1.0,14.0,0.0,0.0,5.0,0.0,3.0,15.333333333333334,0.0,7.333333333333333,8.0,0.0,6,14.666666666666666,0,4.5,7.166666666666667,0,0.0,0.0
Woodstock Telephone Company,0.0,0.0,0.0,0.0,0.0,0.0,0.0,0.0,0.0,0.0,0.0,0.0,4.0,15.0,0.0,2.75,6.25,0.0,1.0,14.0,0.0,0.0,3.0,0.0,5.0,14.8,0.0,10.8,10.2,0.0,10,14.8,0,6.5,7.9,0,0.0,0.0
"XL Broadband, Inc.",0.0,0.0,0.0,0.0,0.0,0.0,0.0,0.0,0.0,0.0,0.0,0.0,2.0,14.5,0.0,1.5,8.5,0.0,10.0,16.4,0.0,0.0,8.7,0.0,17.0,12.588235294117647,0.0,9.882352941176471,10.235294117647058,0.0,29,14.03448275862069,0,5.896551724137931,9.586206896551724,0,0.0,0.0
Zirkel Wireless,0.0,0.0,0.0,0.0,0.0,0.0,0.0,0.0,0.0,0.0,0.0,0.0,1.0,13.0,0.0,4.0,11.0,0.0,1.0,15.0,0.0,0.0,2.0,0.0,15.0,13.0,0.0,6.0,6.266666666666667,0.0,17,13.117647058823529,0,5.529411764705882,6.294117647058823,0,0.0,0.0
"Blue Ridge Cable Technologies, Inc.",0.0,0.0,0.0,0.0,0.0,0.0,0.0,0.0,0.0,0.0,0.0,0.0,0.0,0.0,0.0,0.0,0.0,0.0,2.0,13.0,0.0,0.0,1.0,0.0,0.0,0.0,0.0,0.0,0.0,0.0,2,13.0,0,0.0,1.0,0,0.0,0.0
"Bug Tussel Wireless, LLC",0.0,0.0,0.0,0.0,0.0,0.0,0.0,0.0,0.0,0.0,0.0,0.0,0.0,0.0,0.0,0.0,0.0,0.0,398.0,13.077889447236181,0.0,0.0,7.866834170854271,0.0,0.0,0.0,0.0,0.0,0.0,0.0,398,13.077889447236181,0,0.0,7.866834170854271,0,0.0,0.0
"Cass Cable TV, Inc.",0.0,0.0,0.0,0.0,0.0,0.0,0.0,0.0,0.0,0.0,0.0,0.0,0.0,0.0,0.0,0.0,0.0,0.0,10.0,10.6,0.0,0.0,6.7,0.0,0.0,0.0,0.0,0.0,0.0,0.0,10,10.6,0,0.0,6.7,0,0.0,0.0
Central Broadband Consortium,0.0,0.0,0.0,0.0,0.0,0.0,0.0,0.0,0.0,0.0,0.0,0.0,0.0,0.0,0.0,0.0,0.0,0.0,122.0,14.0,0.0,0.0,7.475409836065574,0.0,0.0,0.0,0.0,0.0,0.0,0.0,122,14.0,0,0.0,7.475409836065574,0,0.0,0.0
Citizens Consortium,0.0,0.0,0.0,0.0,0.0,0.0,0.0,0.0,0.0,0.0,0.0,0.0,0.0,0.0,0.0,0.0,0.0,0.0,7.0,7.0,0.0,0.0,7.142857142857143,0.0,0.0,0.0,0.0,0.0,0.0,0.0,7,7.0,0,0.0,7.142857142857143,0,0.0,0.0
Cloverland Electric Cooperative,0.0,0.0,0.0,0.0,0.0,0.0,0.0,0.0,0.0,0.0,0.0,0.0,0.0,0.0,0.0,0.0,0.0,0.0,33.0,4.0,0.0,0.0,6.424242424242424,0.0,0.0,0.0,0.0,0.0,0.0,0.0,33,4.0,0,0.0,6.424242424242424,0,0.0,0.0
Concho Valley Electric Cooperative Inc,0.0,0.0,0.0,0.0,0.0,0.0,0.0,0.0,0.0,0.0,0.0,0.0,0.0,0.0,0.0,0.0,0.0,0.0,14.0,15.857142857142858,0.0,0.0,8.857142857142858,0.0,0.0,0.0,0.0,0.0,0.0,0.0,14,15.857142857142858,0,0.0,8.857142857142858,0,0.0,0.0
"Digital Path, Inc.",0.0,0.0,0.0,0.0,0.0,0.0,0.0,0.0,0.0,0.0,0.0,0.0,0.0,0.0,0.0,0.0,0.0,0.0,115.0,10.921739130434782,0.0,0.0,8.97391304347826,0.0,0.0,0.0,0.0,0.0,0.0,0.0,115,10.921739130434782,0,0.0,8.97391304347826,0,0.0,0.0
Dovetel Communications LLC,0.0,0.0,0.0,0.0,0.0,0.0,0.0,0.0,0.0,0.0,0.0,0.0,0.0,0.0,0.0,0.0,0.0,0.0,15.0,16.466666666666665,0.0,0.0,7.066666666666666,0.0,0.0,0.0,0.0,0.0,0.0,0.0,15,16.466666666666665,0,0.0,7.066666666666666,0,0.0,0.0
"FastTrack Communications, Inc.",0.0,0.0,0.0,0.0,0.0,0.0,0.0,0.0,0.0,0.0,0.0,0.0,0.0,0.0,0.0,0.0,0.0,0.0,2.0,11.0,0.0,0.0,8.5,0.0,0.0,0.0,0.0,0.0,0.0,0.0,2,11.0,0,0.0,8.5,0,0.0,0.0
"Flat Wireless, LLC",0.0,0.0,0.0,0.0,0.0,0.0,0.0,0.0,0.0,0.0,0.0,0.0,0.0,0.0,0.0,0.0,0.0,0.0,2354.0,13.125743415463042,0.0,0.0,8.55607476635514,0.0,0.0,0.0,0.0,0.0,0.0,0.0,2354,13.125743415463042,0,0.0,8.55607476635514,0,0.0,0.0
Grase Communications LLC,0.0,0.0,0.0,0.0,0.0,0.0,0.0,0.0,0.0,0.0,0.0,0.0,0.0,0.0,0.0,0.0,0.0,0.0,5.0,16.6,0.0,0.0,8.2,0.0,0.0,0.0,0.0,0.0,0.0,0.0,5,16.6,0,0.0,8.2,0,0.0,0.0
IVS Comm Inc,0.0,0.0,0.0,0.0,0.0,0.0,0.0,0.0,0.0,0.0,0.0,0.0,0.0,0.0,0.0,0.0,0.0,0.0,75.0,12.146666666666667,0.0,0.0,8.586666666666666,0.0,0.0,0.0,0.0,0.0,0.0,0.0,75,12.146666666666667,0,0.0,8.586666666666666,0,0.0,0.0
"Mohave Electric Cooperative, Inc.",0.0,0.0,0.0,0.0,0.0,0.0,0.0,0.0,0.0,0.0,0.0,0.0,0.0,0.0,0.0,0.0,0.0,0.0,10.0,18.0,0.0,0.0,8.7,0.0,0.0,0.0,0.0,0.0,0.0,0.0,10,18.0,0,0.0,8.7,0,0.0,0.0
"NE Colorado Cellular, Inc.",0.0,0.0,0.0,0.0,0.0,0.0,0.0,0.0,0.0,0.0,0.0,0.0,0.0,0.0,0.0,0.0,0.0,0.0,113.0,13.398230088495575,0.0,0.0,7.752212389380531,0.0,0.0,0.0,0.0,0.0,0.0,0.0,113,13.398230088495575,0,0.0,7.752212389380531,0,0.0,0.0
"Nuvera Communications, Inc.",0.0,0.0,0.0,0.0,0.0,0.0,0.0,0.0,0.0,0.0,0.0,0.0,0.0,0.0,0.0,0.0,0.0,0.0,1.0,14.0,0.0,0.0,8.0,0.0,3.0,15.333333333333334,0.0,4.666666666666667,7.0,0.0,4,15.0,0,3.5,7.25,0,0.0,0.0
Premier Point,0.0,0.0,0.0,0.0,0.0,0.0,0.0,0.0,0.0,0.0,0.0,0.0,0.0,0.0,0.0,0.0,0.0,0.0,1932.0,9.63768115942029,0.0,0.0,7.739648033126294,0.0,0.0,0.0,0.0,0.0,0.0,0.0,1932,9.63768115942029,0,0.0,7.739648033126294,0,0.0,0.0
Pueblo of Jemez,0.0,0.0,0.0,0.0,0.0,0.0,0.0,0.0,0.0,0.0,0.0,0.0,0.0,0.0,0.0,0.0,0.0,0.0,4.0,13.0,0.0,0.0,6.5,0.0,0.0,0.0,0.0,0.0,0.0,0.0,4,13.0,0,0.0,6.5,0,0.0,0.0
Rockwell Cooperative Telephone Association,0.0,0.0,0.0,0.0,0.0,0.0,0.0,0.0,0.0,0.0,0.0,0.0,0.0,0.0,0.0,0.0,0.0,0.0,5.0,14.0,0.0,0.0,9.6,0.0,0.0,0.0,0.0,0.0,0.0,0.0,5,14.0,0,0.0,9.6,0,0.0,0.0
Simple Networks Systems LLC,0.0,0.0,0.0,0.0,0.0,0.0,0.0,0.0,0.0,0.0,0.0,0.0,0.0,0.0,0.0,0.0,0.0,0.0,6197.0,10.27723091818622,0.0,0.0,7.563337098596095,0.0,0.0,0.0,0.0,0.0,0.0,0.0,6197,10.27723091818622,0,0.0,7.563337098596095,0,0.0,0.0
Standing Rock Telecommunications,0.0,0.0,0.0,0.0,0.0,0.0,0.0,0.0,0.0,0.0,0.0,0.0,0.0,0.0,0.0,0.0,0.0,0.0,2.0,10.0,0.0,0.0,6.5,0.0,0.0,0.0,0.0,0.0,0.0,0.0,2,10.0,0,0.0,6.5,0,0.0,0.0
"Uintah Basin Electronic Telecommunications, L.L.C.",0.0,0.0,0.0,0.0,0.0,0.0,0.0,0.0,0.0,0.0,0.0,0.0,0.0,0.0,0.0,0.0,0.0,0.0,6.0,7.833333333333333,0.0,0.0,9.833333333333334,0.0,0.0,0.0,0.0,0.0,0.0,0.0,6,7.833333333333333,0,0.0,9.833333333333334,0,0.0,0.0
United States Cellular Corporation,0.0,0.0,0.0,0.0,0.0,0.0,0.0,0.0,0.0,0.0,0.0,0.0,0.0,0.0,0.0,0.0,0.0,0.0,78.0,7.871794871794871,0.0,0.0,8.987179487179487,0.0,0.0,0.0,0.0,0.0,0.0,0.0,78,7.871794871794871,0,0.0,8.987179487179487,0,0.0,0.0
"VTel Wireless, Inc.",0.0,0.0,0.0,0.0,0.0,0.0,0.0,0.0,0.0,0.0,0.0,0.0,0.0,0.0,0.0,0.0,0.0,0.0,21.0,8.761904761904763,0.0,0.0,7.476190476190476,0.0,0.0,0.0,0.0,0.0,0.0,0.0,21,8.761904761904763,0,0.0,7.476190476190476,0,0.0,0.0
"Valley Communications Association, LLC",0.0,0.0,0.0,0.0,0.0,0.0,0.0,0.0,0.0,0.0,0.0,0.0,0.0,0.0,0.0,0.0,0.0,0.0,1.0,16.0,0.0,0.0,3.0,0.0,20.0,10.65,0.0,5.5,6.3,0.0,21,10.904761904761905,0,5.238095238095238,6.142857142857143,0,0.0,0.0
"Velocity Communications, Inc.",0.0,0.0,0.0,0.0,0.0,0.0,0.0,0.0,0.0,0.0,0.0,0.0,0.0,0.0,0.0,0.0,0.0,0.0,5.0,15.0,0.0,0.0,9.0,0.0,0.0,0.0,0.0,0.0,0.0,0.0,5,15.0,0,0.0,9.0,0,0.0,0.0
"Viasat, Inc.",0.0,0.0,0.0,0.0,0.0,0.0,0.0,0.0,0.0,0.0,0.0,0.0,0.0,0.0,0.0,0.0,0.0,0.0,61260.0,10.390352595494614,0.0,0.0,7.783708782239635,0.0,0.0,0.0,0.0,0.0,0.0,0.0,61260,10.390352595494614,0,0.0,7.783708782239635,0,0.0,0.0
Amherst Telephone Company,0.0,0.0,0.0,0.0,0.0,0.0,0.0,0.0,0.0,0.0,0.0,0.0,0.0,0.0,0.0,0.0,0.0,0.0,0.0,0.0,0.0,0.0,0.0,0.0,1.0,14.0,0.0,3.0,7.0,0.0,1,14.0,0,3.0,7.0,0,0.0,0.0
"Arvig Enterprises, Inc.",0.0,0.0,0.0,0.0,0.0,0.0,0.0,0.0,0.0,0.0,0.0,0.0,0.0,0.0,0.0,0.0,0.0,0.0,0.0,0.0,0.0,0.0,0.0,0.0,6.0,9.166666666666666,0.0,7.666666666666667,9.333333333333334,0.0,6,9.166666666666666,0,7.666666666666667,9.333333333333334,0,0.0,0.0
"B2X Online, Inc.",0.0,0.0,0.0,0.0,0.0,0.0,0.0,0.0,0.0,0.0,0.0,0.0,0.0,0.0,0.0,0.0,0.0,0.0,0.0,0.0,0.0,0.0,0.0,0.0,2.0,11.0,0.0,5.0,8.5,0.0,2,11.0,0,5.0,8.5,0,0.0,0.0
"Big Bend Telephone Company, Inc.",0.0,0.0,0.0,0.0,0.0,0.0,0.0,0.0,0.0,0.0,0.0,0.0,0.0,0.0,0.0,0.0,0.0,0.0,0.0,0.0,0.0,0.0,0.0,0.0,11.0,16.727272727272727,0.0,9.636363636363637,7.181818181818182,0.0,11,16.727272727272727,0,9.636363636363637,7.181818181818182,0,0.0,0.0
CUMBERLAND TELEPHONE COMPANY,0.0,0.0,0.0,0.0,0.0,0.0,0.0,0.0,0.0,0.0,0.0,0.0,0.0,0.0,0.0,0.0,0.0,0.0,0.0,0.0,0.0,0.0,0.0,0.0,3.0,12.0,0.0,7.333333333333333,9.333333333333334,0.0,3,12.0,0,7.333333333333333,9.333333333333334,0,0.0,0.0
Climax Telephone Company,0.0,0.0,0.0,0.0,0.0,0.0,0.0,0.0,0.0,0.0,0.0,0.0,0.0,0.0,0.0,0.0,0.0,0.0,0.0,0.0,0.0,0.0,0.0,0.0,1.0,10.0,0.0,8.0,8.0,0.0,1,10.0,0,8.0,8.0,0,0.0,0.0
"Coon Valley Co-op Telephone Association, Inc.",0.0,0.0,0.0,0.0,0.0,0.0,0.0,0.0,0.0,0.0,0.0,0.0,0.0,0.0,0.0,0.0,0.0,0.0,0.0,0.0,0.0,0.0,0.0,0.0,2.0,15.0,0.0,4.5,5.0,0.0,2,15.0,0,4.5,5.0,0,0.0,0.0
Grand Mound Cooperative Telephone Association,0.0,0.0,0.0,0.0,0.0,0.0,0.0,0.0,0.0,0.0,0.0,0.0,0.0,0.0,0.0,0.0,0.0,0.0,0.0,0.0,0.0,0.0,0.0,0.0,2.0,15.0,0.0,6.5,9.5,0.0,2,15.0,0,6.5,9.5,0,0.0,0.0
Green Hills Telephone Corporation,0.0,0.0,0.0,0.0,0.0,0.0,0.0,0.0,0.0,0.0,0.0,0.0,0.0,0.0,0.0,0.0,0.0,0.0,0.0,0.0,0.0,0.0,0.0,0.0,7.0,12.0,0.0,6.0,6.857142857142857,0.0,7,12.0,0,6.0,6.857142857142857,0,0.0,0.0
Heart of Iowa Communications Cooperative,0.0,0.0,0.0,0.0,0.0,0.0,0.0,0.0,0.0,0.0,0.0,0.0,0.0,0.0,0.0,0.0,0.0,0.0,0.0,0.0,0.0,0.0,0.0,0.0,2.0,14.0,0.0,14.5,9.0,0.0,2,14.0,0,14.5,9.0,0,0.0,0.0
Hillsboro Telephone Company,0.0,0.0,0.0,0.0,0.0,0.0,0.0,0.0,0.0,0.0,0.0,0.0,0.0,0.0,0.0,0.0,0.0,0.0,0.0,0.0,0.0,0.0,0.0,0.0,2.0,14.0,0.0,6.5,7.5,0.0,2,14.0,0,6.5,7.5,0,0.0,0.0
Hood Canal Communications,0.0,0.0,0.0,0.0,0.0,0.0,0.0,0.0,0.0,0.0,0.0,0.0,0.0,0.0,0.0,0.0,0.0,0.0,0.0,0.0,0.0,0.0,0.0,0.0,1.0,12.0,0.0,4.0,6.0,0.0,1,12.0,0,4.0,6.0,0,0.0,0.0
Lennon Telephone Company,0.0,0.0,0.0,0.0,0.0,0.0,0.0,0.0,0.0,0.0,0.0,0.0,0.0,0.0,0.0,0.0,0.0,0.0,0.0,0.0,0.0,0.0,0.0,0.0,5.0,11.0,0.0,7.4,9.0,0.0,5,11.0,0,7.4,9.0,0,0.0,0.0
Marne & Elk Horn Telephone Company,0.0,0.0,0.0,0.0,0.0,0.0,0.0,0.0,0.0,0.0,0.0,0.0,0.0,0.0,0.0,0.0,0.0,0.0,0.0,0.0,0.0,0.0,0.0,0.0,11.0,12.454545454545455,0.0,6.181818181818182,6.636363636363637,0.0,11,12.454545454545455,0,6.181818181818182,6.636363636363637,0,0.0,0.0
"Northwest Communications, Inc.",0.0,0.0,0.0,0.0,0.0,0.0,0.0,0.0,0.0,0.0,0.0,0.0,0.0,0.0,0.0,0.0,0.0,0.0,0.0,0.0,0.0,0.0,0.0,0.0,35.0,12.942857142857143,0.0,8.057142857142857,8.885714285714286,0.0,35,12.942857142857143,0,8.057142857142857,8.885714285714286,0,0.0,0.0
"Ponderosa Communications, Inc.",0.0,0.0,0.0,0.0,0.0,0.0,0.0,0.0,0.0,0.0,0.0,0.0,0.0,0.0,0.0,0.0,0.0,0.0,0.0,0.0,0.0,0.0,0.0,0.0,2.0,13.0,0.0,3.5,5.5,0.0,2,13.0,0,3.5,5.5,0,0.0,0.0
Public Service Telephone Company,0.0,0.0,0.0,0.0,0.0,0.0,0.0,0.0,0.0,0.0,0.0,0.0,0.0,0.0,0.0,0.0,0.0,0.0,0.0,0.0,0.0,0.0,0.0,0.0,2.0,15.0,0.0,5.5,10.0,0.0,2,15.0,0,5.5,10.0,0,0.0,0.0
Sac County Mutual Telephone Company,0.0,0.0,0.0,0.0,0.0,0.0,0.0,0.0,0.0,0.0,0.0,0.0,0.0,0.0,0.0,0.0,0.0,0.0,0.0,0.0,0.0,0.0,0.0,0.0,2.0,17.0,0.0,5.0,9.5,0.0,2,17.0,0,5.0,9.5,0,0.0,0.0
Southwest Texas Telephone Company,0.0,0.0,0.0,0.0,0.0,0.0,0.0,0.0,0.0,0.0,0.0,0.0,0.0,0.0,0.0,0.0,0.0,0.0,0.0,0.0,0.0,0.0,0.0,0.0,1.0,10.0,0.0,8.0,12.0,0.0,1,10.0,0,8.0,12.0,0,0.0,0.0
Surfnet Communications,0.0,0.0,0.0,0.0,0.0,0.0,0.0,0.0,0.0,0.0,0.0,0.0,0.0,0.0,0.0,0.0,0.0,0.0,0.0,0.0,0.0,0.0,0.0,0.0,27.0,14.925925925925926,0.0,5.888888888888889,8.333333333333334,0.0,27,14.925925925925926,0,5.888888888888889,8.333333333333334,0,0.0,0.0
Sycamore Telephone Company,0.0,0.0,0.0,0.0,0.0,0.0,0.0,0.0,0.0,0.0,0.0,0.0,0.0,0.0,0.0,0.0,0.0,0.0,0.0,0.0,0.0,0.0,0.0,0.0,4.0,13.75,0.0,7.0,8.5,0.0,4,13.75,0,7.0,8.5,0,0.0,0.0
UPSALA COOPERATIVE TELEPHONE ASSOCIATION,0.0,0.0,0.0,0.0,0.0,0.0,0.0,0.0,0.0,0.0,0.0,0.0,0.0,0.0,0.0,0.0,0.0,0.0,0.0,0.0,0.0,0.0,0.0,0.0,4.0,16.0,0.0,4.75,7.5,0.0,4,16.0,0,4.75,7.5,0,0.0,0.0
West River Telecommunications Cooperative,0.0,0.0,0.0,0.0,0.0,0.0,0.0,0.0,0.0,0.0,0.0,0.0,0.0,0.0,0.0,0.0,0.0,0.0,0.0,0.0,0.0,0.0,0.0,0.0,2.0,11.0,0.0,7.0,7.5,0.0,2,11.0,0,7.0,7.5,0,0.0,0.0
"Wilson Creek Communications, LLC",0.0,0.0,0.0,0.0,0.0,0.0,0.0,0.0,0.0,0.0,0.0,0.0,0.0,0.0,0.0,0.0,0.0,0.0,0.0,0.0,0.0,0.0,0.0,0.0,5.0,14.0,0.0,6.8,9.2,0.0,5,14.0,0,6.8,9.2,0,0.0,0.0
Wittenberg Telephone Company,0.0,0.0,0.0,0.0,0.0,0.0,0.0,0.0,0.0,0.0,0.0,0.0,0.0,0.0,0.0,0.0,0.0,0.0,0.0,0.0,0.0,0.0,0.0,0.0,3.0,14.333333333333334,0.0,5.333333333333333,7.0,0.0,3,14.333333333333334,0,5.333333333333333,7.0,0,0.0,0.0
